crop,temp,humidity,gas,gradient,gas_trend,humidity_trend,confidence,current_risk,future_risk,time,spatial_score,gas_accel,label
Rice_Paddy,27.02,86.41,886.0,4.361,15.778,0.118,0.835,0.6534,0.6668,M03_H20,0.453,0.433,High_Spoilage_Risk
Wheat,6.05,41.13,523.0,4.867,3.601,-0.164,0.935,0.239,0.2237,M12_H03,0.416,-0.1024,Low_Spoilage_Risk
Garlic,16.16,72.29,1042.9,0.246,2.989,-0.322,0.831,0.2791,0.3177,M09_H13,0.97,1.8655,Moderate_Spoilage_Risk
Rice_Paddy,30.2,55.57,822.2,3.858,4.602,0.951,0.967,0.3227,0.3129,M03_H07,0.537,0.2805,Moderate_Spoilage_Risk
Wheat,34.79,71.87,1351.1,2.501,23.389,-0.172,0.864,0.8407,0.8423,M11_H06,0.7,3.9639,Critical_Spoilage
Rice_Paddy,31.68,56.72,471.1,0.871,-8.162,-0.808,0.907,0.164,0.1561,M06_H09,0.895,0.0829,Low_Spoilage_Risk
Garlic,17.43,90.08,870.4,0.905,36.646,0.756,0.809,0.6252,0.6522,M08_H11,0.807,1.8473,High_Spoilage_Risk
Soybean,31.44,37.81,1106.0,3.231,7.734,0.054,0.889,0.5605,0.5497,M02_H20,0.612,0.7684,High_Spoilage_Risk
Lentil,6.68,43.69,448.0,3.158,-7.46,-0.786,0.84,0.1769,0.2237,M11_H18,0.621,-4.0033,Low_Spoilage_Risk
Onion,13.26,83.32,1221.2,4.46,0.534,1.386,0.936,0.6402,0.6869,M12_H14,0.465,-0.1393,High_Spoilage_Risk
Garlic,1.25,83.13,787.2,1.635,8.546,-0.578,0.734,0.537,0.5708,M08_H00,0.804,-1.1918,High_Spoilage_Risk
Soybean,17.22,60.3,682.6,4.074,-4.19,-0.465,0.99,0.1814,0.234,M07_H13,0.511,1.6998,Low_Spoilage_Risk
Groundnut,9.72,83.23,1158.2,0.807,14.746,2.046,0.848,0.6329,0.6968,M06_H02,0.903,1.2525,High_Spoilage_Risk
Garlic,2.22,75.71,903.5,1.404,-6.326,-1.086,0.821,0.2999,0.31,M09_H18,0.832,-3.9912,Moderate_Spoilage_Risk
Rice_Processed,33.53,38.66,722.1,1.725,-10.397,-0.953,0.964,0.2681,0.2429,M03_H15,0.793,-0.2042,Low_Spoilage_Risk
Rice_Paddy,19.31,84.33,634.6,4.161,9.558,0.918,0.834,0.5483,0.5968,M10_H02,0.501,0.6628,High_Spoilage_Risk
Onion,11.35,54.66,970.8,3.917,5.435,0.143,0.964,0.3112,0.2936,M01_H04,0.53,0.7046,Moderate_Spoilage_Risk
Rice_Processed,15.28,48.26,534.5,0.349,2.901,1.008,0.939,0.0536,0.0712,M05_H00,0.958,-1.14,Safe
Chickpea,31.86,34.23,521.1,1.111,-10.2,0.791,0.961,0.3422,0.3519,M10_H00,0.867,3.1772,Moderate_Spoilage_Risk
Chickpea,26.81,34.7,732.1,3.669,7.431,-0.525,0.987,0.2243,0.2269,M02_H20,0.56,4.9017,Low_Spoilage_Risk
Rice_Processed,28.32,76.9,1138.1,1.779,9.82,-0.142,0.985,0.5572,0.5595,M05_H14,0.787,2.7254,High_Spoilage_Risk
Groundnut,15.92,66.3,733.8,2.072,7.547,1.459,0.933,0.2144,0.207,M08_H23,0.751,-4.1675,Low_Spoilage_Risk
Rice_Paddy,31.42,53.56,885.8,0.901,-17.132,1.66,0.943,0.3091,0.3531,M05_H22,0.892,-1.1707,Moderate_Spoilage_Risk
Rice_Processed,36.97,51.22,854.7,1.277,18.763,0.551,0.878,0.3204,0.3118,M05_H08,0.847,1.6788,Moderate_Spoilage_Risk
Jute_Seed,17.65,78.56,1037.2,1.562,12.18,0.955,0.917,0.5624,0.5977,M12_H23,0.813,0.4573,High_Spoilage_Risk
Rice_Paddy,25.05,55.19,766.1,1.85,12.217,0.542,0.938,0.1146,0.1473,M01_H12,0.778,0.6119,Safe
Groundnut,9.41,60.05,700.4,2.604,-11.719,-0.317,0.903,0.1592,0.1612,M12_H09,0.688,-1.4173,Low_Spoilage_Risk
Rice_Paddy,25.61,65.81,815.8,0.824,-3.854,-0.184,0.823,0.0989,0.0838,M12_H01,0.901,0.9144,Safe
Wheat,12.84,41.17,612.9,4.015,-8.382,0.383,0.881,0.207,0.2469,M03_H03,0.518,-0.6506,Low_Spoilage_Risk
Black_Gram,18.25,42.53,387.8,1.115,-2.451,0.354,0.93,0.0829,0.1008,M08_H00,0.866,-1.2447,Safe
Maize,35.97,68.63,1265.7,0.671,11.054,0.102,0.883,0.4845,0.4807,M09_H17,0.919,1.471,Moderate_Spoilage_Risk
Lentil,6.3,54.89,508.8,4.532,-9.869,0.239,0.964,0.1734,0.2162,M12_H04,0.456,0.7698,Low_Spoilage_Risk
Garlic,-2,84.97,754.0,0.821,2.901,1.592,0.9,0.5917,0.5919,M09_H01,0.901,-1.3438,High_Spoilage_Risk
Onion,23.18,79.45,849.4,3.15,9.589,1.45,0.834,0.5504,0.5956,M04_H13,0.622,3.1087,High_Spoilage_Risk
Rice_Paddy,31.61,66.18,787.5,4.679,2.604,-0.117,0.923,0.3444,0.3883,M05_H09,0.439,-1.1404,Moderate_Spoilage_Risk
Chickpea,27.36,59.38,690.3,4.807,-9.535,-0.299,0.98,0.1963,0.2349,M12_H13,0.423,-1.992,Low_Spoilage_Risk
Potato,17.66,90.13,1083.0,0.336,1.375,-2.034,0.722,0.3,0.2922,M08_H10,0.874,-1.0443,Low_Spoilage_Risk
Onion,1.19,74.6,530.6,4.696,-8.271,0.111,0.955,0.2065,0.2301,M07_H21,0.436,-1.6577,Low_Spoilage_Risk
Black_Gram,17.6,73.24,574.0,3.447,13.628,-0.44,0.881,0.4369,0.4211,M11_H01,0.586,-0.8614,Moderate_Spoilage_Risk
Sugarcane_Ratoon,43.7,50.4,1139.3,0.642,17.184,-0.572,0.97,0.4528,0.4554,M05_H19,0.923,-1.1912,Moderate_Spoilage_Risk
Maize,32.94,59.59,560.9,1.04,11.421,0.042,0.904,0.2915,0.3206,M05_H09,0.875,4.5384,Moderate_Spoilage_Risk
Jute_Seed,38.76,47.41,1002.2,1.578,8.81,-0.675,0.939,0.4854,0.5401,M03_H13,0.811,4.7057,High_Spoilage_Risk
Sugarcane_Ratoon,17.33,94.28,1086.3,2.022,-0.294,1.099,0.736,0.5796,0.5779,M08_H13,0.603,0.3396,High_Spoilage_Risk
Onion,16.08,83.7,1073.0,4.296,3.92,0.523,0.719,0.6333,0.6588,M12_H11,0.484,0.2903,High_Spoilage_Risk
Wheat,15.05,38.46,726.9,0.135,-6.877,-0.959,0.888,0.0831,0.1174,M02_H09,0.984,-0.3419,Safe
Jute_Seed,26.46,49.2,479.9,1.211,-8.615,0.493,0.943,0.0959,0.1258,M09_H09,0.855,-1.0357,Safe
Wheat,35.59,49.86,624.1,3.164,-2.062,-1.427,0.93,0.4451,0.44,M04_H05,0.62,1.0382,Moderate_Spoilage_Risk
Black_Gram,23.0,57.92,679.6,1.474,3.359,-1.868,0.874,0.1099,0.1176,M01_H04,0.823,2.3401,Safe
Black_Gram,18.09,66.63,794.8,3.461,-4.385,-0.536,0.869,0.315,0.3546,M08_H05,0.585,-0.1024,Moderate_Spoilage_Risk
Mustard_Seed,34.98,53.14,1189.1,2.076,13.215,-1.014,0.91,0.5028,0.5017,M12_H05,0.751,4.7584,High_Spoilage_Risk
Rice_Processed,38.52,56.73,535.3,1.368,-0.745,-0.965,0.924,0.3077,0.3163,M11_H20,0.836,0.9739,Moderate_Spoilage_Risk
Garlic,-0.12,58.5,882.5,2.067,5.954,0.79,0.926,0.2872,0.2693,M06_H19,0.752,1.0108,Low_Spoilage_Risk
Maize,12.93,50.02,377.1,2.553,5.92,-0.144,0.987,0.1597,0.2127,M02_H10,0.694,-2.298,Low_Spoilage_Risk
Rice_Processed,16.87,78.94,529.5,4.035,2.586,-0.774,0.985,0.5428,0.5844,M01_H15,0.516,1.3349,High_Spoilage_Risk
Sugarcane_Ratoon,42.01,57.58,1458.6,1.866,16.195,-0.136,0.89,0.5693,0.5691,M02_H15,0.776,3.8296,High_Spoilage_Risk
Maize,34.86,49.78,521.4,3.189,-0.266,-2.171,0.927,0.4197,0.4218,M10_H07,0.617,2.9465,Moderate_Spoilage_Risk
Lentil,30.66,41.72,570.6,2.015,1.655,0.381,0.927,0.3485,0.3656,M10_H02,0.758,0.7156,Moderate_Spoilage_Risk
Garlic,4.61,66.4,832.4,1.553,6.204,0.951,0.889,0.1078,0.099,M05_H19,0.814,1.524,Safe
Rice_Paddy,15.7,53.06,673.2,3.129,-7.194,1.647,0.918,0.1957,0.1922,M02_H01,0.625,0.7932,Low_Spoilage_Risk
Sugarcane_Ratoon,23.3,80.11,997.9,2.305,-6.416,0.703,0.862,0.2227,0.2316,M03_H17,0.723,0.2483,Low_Spoilage_Risk
Wheat,25.33,66.23,897.4,2.669,-1.444,0.67,0.924,0.2577,0.2648,M08_H17,0.68,-2.5832,Low_Spoilage_Risk
Lentil,9.33,49.15,589.8,3.628,-4.661,-0.87,0.986,0.1686,0.1863,M09_H00,0.565,-2.5904,Low_Spoilage_Risk
Garlic,11.56,87.15,1340.9,4.781,22.013,0.624,0.925,0.7785,0.8533,M09_H12,0.39,2.3703,Critical_Spoilage
Black_Gram,19.27,50.67,682.0,3.116,-3.598,-1.188,0.893,0.1456,0.1803,M12_H09,0.626,0.8207,Low_Spoilage_Risk
Groundnut,23.7,48.75,585.6,1.5,3.923,0.642,0.907,0.0918,0.1132,M04_H22,0.82,0.1757,Safe
Lentil,5.64,50.04,504.9,2.3,-0.594,-0.21,0.955,0.146,0.1534,M09_H00,0.724,0.2351,Low_Spoilage_Risk
Soybean,37.65,62.07,1134.6,0.507,7.055,0.737,0.869,0.4447,0.4248,M06_H12,0.939,-0.5696,Moderate_Spoilage_Risk
Chickpea,29.75,70.75,1116.4,4.139,5.801,1.641,0.984,0.648,0.6518,M05_H07,0.503,2.9474,High_Spoilage_Risk
Onion,7.93,83.52,1166.9,2.112,10.705,1.317,0.779,0.5084,0.5371,M03_H04,0.747,1.5507,High_Spoilage_Risk
Sugarcane_Ratoon,40.65,71.25,1159.5,2.022,5.02,0.802,0.918,0.4534,0.4738,M10_H11,0.757,1.7496,Moderate_Spoilage_Risk
Potato,9.59,96.65,1036.1,0.677,-8.371,0.111,0.671,0.4533,0.447,M06_H04,0.725,2.9661,Moderate_Spoilage_Risk
Soybean,34.51,63.62,754.4,0.222,11.424,0.339,0.961,0.297,0.3285,M12_H18,0.973,-0.9106,Moderate_Spoilage_Risk
Rice_Processed,23.24,40.06,732.7,3.981,15.021,-0.81,0.959,0.2316,0.2642,M12_H04,0.522,2.02,Low_Spoilage_Risk
Sugarcane_Ratoon,21.05,88.03,1065.9,3.392,13.895,-0.727,0.817,0.5241,0.5308,M04_H21,0.542,0.539,High_Spoilage_Risk
Sugarcane_Ratoon,23.05,63.75,894.3,3.788,0.379,-0.457,0.828,0.1949,0.2384,M08_H05,0.545,-2.9838,Low_Spoilage_Risk
Soybean,31.46,79.14,1463.8,3.03,-2.889,1.643,0.857,0.9447,0.9658,M07_H11,0.636,-1.1116,Critical_Spoilage
Onion,0.02,81.94,595.2,4.883,12.992,-0.007,0.926,0.4518,0.4794,M07_H06,0.414,2.7733,Moderate_Spoilage_Risk
Wheat,33.24,76.98,1159.8,3.873,16.148,0.495,0.903,0.9692,1.0,M05_H17,0.535,-2.797,Critical_Spoilage
Garlic,0.6,74.53,786.6,3.466,-10.534,-1.694,0.992,0.3852,0.4445,M05_H05,0.584,3.3858,Moderate_Spoilage_Risk
Garlic,12.22,85.13,1073.7,2.374,-0.42,0.536,0.703,0.64,0.6336,M04_H06,0.713,-0.6114,High_Spoilage_Risk
Garlic,13.74,79.49,1219.8,1.98,15.401,1.501,0.984,0.5806,0.6545,M09_H15,0.762,2.4504,High_Spoilage_Risk
Sugarcane_Ratoon,39.11,53.62,652.1,2.479,16.266,-0.132,0.882,0.3978,0.4397,M01_H02,0.703,4.1485,Moderate_Spoilage_Risk
Mustard_Seed,14.41,45.33,736.3,3.7,3.987,0.549,0.913,0.2029,0.2245,M07_H09,0.556,-0.0932,Low_Spoilage_Risk
Groundnut,27.94,68.87,820.1,1.009,10.207,-0.513,0.82,0.5523,0.5803,M11_H04,0.879,2.0449,High_Spoilage_Risk
Mustard_Seed,16.51,63.7,792.5,4.981,-9.443,0.743,0.848,0.3775,0.3764,M04_H18,0.402,1.2509,Moderate_Spoilage_Risk
Mustard_Seed,19.29,76.83,730.6,0.387,6.688,1.158,0.93,0.4586,0.441,M08_H00,0.954,1.0798,Moderate_Spoilage_Risk
Potato,23.41,87.17,768.0,2.861,4.313,-0.249,0.891,0.3916,0.4499,M07_H15,0.621,3.4558,Moderate_Spoilage_Risk
Garlic,2.07,57.55,813.1,3.27,2.767,0.068,0.835,0.215,0.2252,M06_H01,0.608,2.915,Low_Spoilage_Risk
Sugarcane_Ratoon,18.47,62.49,606.1,0.564,-0.388,-0.352,0.89,0.0141,0.0,M01_H02,0.932,1.8061,Safe
Potato,12.12,95.98,422.9,1.822,-13.584,-0.441,0.701,0.2916,0.3133,M07_H17,0.598,0.9451,Moderate_Spoilage_Risk
Groundnut,15.03,47.15,435.4,1.021,-7.095,-0.513,0.823,0.0967,0.1366,M12_H16,0.877,-1.0036,Safe
Jute_Seed,18.24,82.08,1250.9,2.26,13.096,0.369,0.721,0.655,0.6422,M04_H01,0.729,1.1741,High_Spoilage_Risk
Groundnut,30.54,44.33,1106.5,3.697,-10.92,-0.681,0.862,0.6433,0.6198,M01_H19,0.556,-0.3734,High_Spoilage_Risk
Chickpea,3.72,55.19,575.8,1.051,-5.729,0.869,0.981,0.1066,0.0803,M01_H03,0.874,-1.2582,Safe
Onion,6.69,75.19,844.2,3.957,7.192,0.258,0.905,0.2125,0.2132,M05_H15,0.525,-0.7861,Low_Spoilage_Risk
Rice_Paddy,36.76,79.56,1335.1,0.405,11.696,0.671,0.879,0.8168,0.8531,M12_H06,0.951,3.164,Critical_Spoilage
Groundnut,28.78,48.02,634.6,4.442,4.081,-1.491,0.824,0.3996,0.4031,M12_H01,0.467,0.8086,Moderate_Spoilage_Risk
Lentil,21.34,35.85,780.4,1.915,-4.822,0.232,0.862,0.1713,0.1897,M11_H02,0.77,0.7343,Low_Spoilage_Risk
Soybean,30.54,64.07,827.4,0.533,-17.866,1.295,0.919,0.2828,0.2899,M11_H03,0.936,3.7268,Low_Spoilage_Risk
Onion,5.77,57.93,821.6,3.306,-1.325,0.312,0.922,0.23,0.2409,M01_H00,0.603,1.0396,Low_Spoilage_Risk
Onion,14.69,82.76,1257.5,1.65,4.407,0.319,0.792,0.5454,0.5662,M01_H09,0.802,2.5205,High_Spoilage_Risk
Garlic,24.14,70.8,742.1,1.877,7.452,-0.73,0.874,0.3883,0.4015,M10_H15,0.775,0.4134,Moderate_Spoilage_Risk
Black_Gram,41.68,54.2,927.4,2.506,12.588,0.118,0.882,0.4324,0.4523,M07_H08,0.699,2.1289,Moderate_Spoilage_Risk
Wheat,6.37,72.79,916.9,0.21,-6.63,0.321,0.858,0.4693,0.4622,M10_H02,0.975,-2.0714,Moderate_Spoilage_Risk
Black_Gram,33.41,75.34,1391.9,3.408,9.651,-0.62,0.833,0.942,0.923,M12_H23,0.591,1.6894,Critical_Spoilage
Rice_Processed,27.79,75.62,1020.5,4.167,4.997,1.315,0.937,0.5707,0.5948,M09_H01,0.5,-0.8869,High_Spoilage_Risk
Lentil,32.87,79.61,1374.3,4.974,19.578,-0.842,0.957,0.9736,0.9941,M09_H03,0.403,6.5234,Critical_Spoilage
Rice_Processed,22.49,49.74,853.8,3.331,1.1,1.279,0.907,0.2333,0.2215,M10_H21,0.6,-0.6571,Low_Spoilage_Risk
Sugarcane_Ratoon,10.13,60.97,539.9,2.948,-4.396,-0.225,0.826,0.1324,0.1263,M01_H07,0.646,0.3148,Safe
Potato,11.96,99,483.8,1.767,-0.489,0.826,0.715,0.4796,0.5073,M08_H09,0.555,-0.1195,Moderate_Spoilage_Risk
Groundnut,38.02,55.77,970.5,3.665,18.552,-0.63,0.907,0.5414,0.5686,M03_H07,0.56,-1.696,High_Spoilage_Risk
Maize,15.14,77.34,817.5,0.999,-3.381,0.044,0.908,0.4412,0.416,M11_H07,0.88,0.2018,Moderate_Spoilage_Risk
Jute_Seed,20.68,69.06,949.1,4.134,7.206,-0.534,0.994,0.3718,0.417,M12_H13,0.504,-1.71,Moderate_Spoilage_Risk
Rice_Processed,23.34,58.51,576.3,1.65,-5.175,-0.309,0.821,0.0748,0.0518,M02_H18,0.802,0.6422,Safe
Rice_Paddy,13.11,48.85,761.6,4.078,-12.971,-0.369,0.842,0.2517,0.2749,M11_H15,0.511,-1.6565,Low_Spoilage_Risk
Garlic,27.75,56.77,921.3,1.885,-2.403,1.011,0.868,0.447,0.4964,M04_H13,0.774,2.5091,Moderate_Spoilage_Risk
Garlic,-1.25,51.68,468.7,0.481,-13.325,1.08,0.932,0.1504,0.1638,M12_H03,0.942,-1.1178,Low_Spoilage_Risk
Mustard_Seed,21.59,66.17,764.3,1.186,11.881,-0.856,0.886,0.3465,0.3895,M07_H19,0.858,-1.5372,Moderate_Spoilage_Risk
Maize,32.05,75.24,871.6,2.407,7.409,0.088,0.971,0.6243,0.6228,M08_H15,0.711,2.364,High_Spoilage_Risk
Rice_Paddy,14.65,66.71,424.4,1.707,-10.154,-0.246,0.949,0.0573,0.0691,M07_H02,0.795,2.0846,Safe
Wheat,23.56,71.11,1001.5,1.03,7.188,-1.34,0.959,0.4209,0.4157,M09_H12,0.876,2.1512,Moderate_Spoilage_Risk
Mustard_Seed,26.56,63.35,812.0,3.682,-4.823,0.21,0.907,0.4254,0.4002,M09_H05,0.558,0.0916,Moderate_Spoilage_Risk
Groundnut,29.76,49.25,890.5,2.35,9.154,-0.647,0.917,0.4989,0.5056,M01_H08,0.718,2.9229,High_Spoilage_Risk
Garlic,23.94,80.82,1015.9,0.543,9.9,0.219,0.833,0.6997,0.7021,M03_H13,0.935,-1.5637,Critical_Spoilage
Groundnut,23.09,58.9,654.4,1.479,-7.247,-0.043,0.992,0.0866,0.0974,M05_H00,0.823,1.1363,Safe
Lentil,9.31,71.91,717.0,0.942,3.882,1.848,0.891,0.3865,0.3962,M06_H23,0.887,-3.0537,Moderate_Spoilage_Risk
Sugarcane_Ratoon,41.5,69.8,1018.2,4.678,14.522,-0.065,0.85,0.4991,0.4909,M11_H10,0.439,-1.3859,Moderate_Spoilage_Risk
Rice_Processed,31.27,60.71,406.8,0.612,-19.384,1.03,0.846,0.0566,0.0799,M07_H14,0.927,3.714,Safe
Mustard_Seed,11.02,49.59,634.9,1.213,-12.635,-0.027,0.963,0.0788,0.1281,M06_H11,0.854,-4.1873,Safe
Potato,3.97,88.58,743.8,2.552,-1.259,0.887,0.881,0.1047,0.1277,M09_H21,0.634,2.3124,Safe
Jute_Seed,30.5,50.93,799.7,2.741,-18.017,0.487,0.956,0.1759,0.2013,M07_H17,0.671,-2.5707,Low_Spoilage_Risk
Maize,37.48,64.19,1305.3,1.267,17.91,1.008,0.89,0.5106,0.5228,M09_H21,0.848,0.1311,High_Spoilage_Risk
Rice_Processed,16.92,48.43,603.7,4.38,-0.456,-1.088,0.895,0.1816,0.1986,M02_H02,0.474,-2.0653,Low_Spoilage_Risk
Groundnut,3.35,51.04,662.1,3.266,-11.268,-0.419,0.99,0.2208,0.2452,M11_H01,0.608,-2.4586,Low_Spoilage_Risk
Black_Gram,20.69,46.8,494.8,0.857,-12.856,-0.288,0.95,0.0359,0.0751,M12_H01,0.897,-2.0125,Safe
Garlic,3.7,57.94,715.8,3.325,-10.892,0.169,0.99,0.2214,0.221,M03_H12,0.601,1.7218,Low_Spoilage_Risk
Groundnut,15.91,45.82,626.4,3.671,-16.67,-0.855,0.993,0.1949,0.1677,M10_H10,0.559,-0.068,Low_Spoilage_Risk
Mustard_Seed,29.56,47.99,712.8,0.254,10.34,0.777,0.926,0.2793,0.2938,M09_H23,0.97,1.0349,Low_Spoilage_Risk
Rice_Paddy,28.55,60.9,390.1,1.613,4.524,-0.221,1.0,0.0704,0.0685,M12_H21,0.806,0.2057,Safe
Chickpea,35.94,67.68,893.3,3.323,14.499,0.21,0.83,0.6253,0.6699,M03_H19,0.601,2.6875,High_Spoilage_Risk
Sugarcane_Ratoon,32.96,58.91,981.7,3.571,0.523,-0.862,0.945,0.3403,0.3819,M10_H22,0.571,2.6179,Moderate_Spoilage_Risk
Maize,18.78,57.2,747.3,4.874,-4.517,0.322,0.952,0.1765,0.1673,M10_H23,0.415,-1.758,Low_Spoilage_Risk
Rice_Paddy,27.51,78.53,1065.8,3.436,5.471,-0.307,0.87,0.5948,0.6448,M06_H05,0.588,-4.1457,High_Spoilage_Risk
Groundnut,33.63,61.81,646.3,2.987,13.296,-0.344,0.898,0.3755,0.4299,M09_H08,0.642,1.423,Moderate_Spoilage_Risk
Wheat,13.71,65.22,671.5,0.36,-3.418,-0.078,0.973,0.0643,0.1034,M11_H16,0.957,-1.1954,Safe
Onion,-2,98.04,1480.7,4.803,28.327,0.636,0.787,0.861,0.9195,M08_H03,0.206,2.4855,Critical_Spoilage
Garlic,0.62,77.95,515.5,1.573,-7.878,1.224,0.923,0.3633,0.4085,M11_H21,0.811,1.0473,Moderate_Spoilage_Risk
Onion,10.44,73.7,538.6,3.248,0.653,-0.129,0.92,0.1457,0.1419,M04_H20,0.61,-2.6953,Safe
Sugarcane_Ratoon,39.53,83.81,1007.7,2.326,-0.735,0.822,0.851,0.59,0.5945,M06_H04,0.721,3.019,High_Spoilage_Risk
Onion,9.57,57.31,861.9,4.107,-1.273,-0.676,0.908,0.2326,0.2136,M11_H10,0.507,-0.3711,Low_Spoilage_Risk
Potato,25.23,99,1233.3,2.781,23.174,0.819,0.58,0.9381,0.998,M09_H07,0.433,1.8111,Critical_Spoilage
Maize,23.93,53.27,899.2,3.737,0.121,-1.842,0.916,0.2946,0.3291,M01_H20,0.552,0.9601,Moderate_Spoilage_Risk
Garlic,16.48,63.78,587.9,2.384,11.123,-0.127,0.848,0.1871,0.2099,M11_H01,0.714,0.6461,Low_Spoilage_Risk
Sugarcane_Ratoon,37.19,90.47,1126.4,1.17,9.076,0.337,0.662,0.7322,0.7178,M02_H02,0.768,-0.8827,Critical_Spoilage
Black_Gram,22.81,72.42,873.9,3.83,9.069,1.19,0.916,0.4949,0.5554,M01_H10,0.54,2.7478,High_Spoilage_Risk
Garlic,16.34,64.69,838.1,2.938,19.82,-0.201,0.923,0.2665,0.3182,M03_H14,0.647,1.261,Low_Spoilage_Risk
Onion,-1.0,59.9,677.3,2.164,-4.113,0.212,0.856,0.2472,0.2589,M01_H10,0.74,-0.5372,Low_Spoilage_Risk
Rice_Paddy,29.58,60.51,473.1,2.71,-0.145,1.015,0.891,0.1745,0.1867,M03_H08,0.675,-0.7103,Low_Spoilage_Risk
Chickpea,14.58,62.12,557.9,2.987,-9.373,0.388,0.915,0.14,0.1396,M08_H05,0.642,-1.0319,Safe
Chickpea,30.1,68.0,1078.7,2.499,18.841,0.131,0.911,0.5208,0.553,M08_H22,0.7,1.7117,High_Spoilage_Risk
Black_Gram,34.84,55.82,876.4,2.016,16.331,-0.641,0.926,0.3952,0.3821,M02_H14,0.758,0.8199,Moderate_Spoilage_Risk
Chickpea,22.92,67.37,832.0,2.976,2.854,0.077,0.875,0.3242,0.3512,M10_H02,0.643,0.8967,Moderate_Spoilage_Risk
Garlic,9.7,64.6,416.0,3.0,2.929,-0.064,0.828,0.1386,0.1855,M04_H17,0.64,0.1452,Low_Spoilage_Risk
Black_Gram,26.82,77.64,1214.3,4.335,1.648,0.002,0.869,0.7127,0.7367,M01_H00,0.48,-0.1835,Critical_Spoilage
Groundnut,31.98,56.38,758.7,4.818,-1.842,-0.964,0.93,0.4582,0.4357,M04_H08,0.422,2.0709,Moderate_Spoilage_Risk
Lentil,11.18,64.31,781.8,2.809,-0.68,0.395,0.914,0.2689,0.3044,M10_H04,0.663,2.5696,Low_Spoilage_Risk
Chickpea,33.65,63.9,536.1,0.712,3.227,1.046,0.887,0.3193,0.3755,M06_H12,0.915,1.4016,Moderate_Spoilage_Risk
Garlic,12.03,65.2,740.5,4.987,7.276,1.405,0.861,0.234,0.2297,M07_H10,0.402,0.544,Low_Spoilage_Risk
Mustard_Seed,6.48,48.19,428.4,1.409,-20.74,-1.273,0.823,0.0845,0.0596,M11_H09,0.831,-0.5875,Safe
Maize,29.02,69.19,787.9,1.42,-1.457,-0.391,0.828,0.2063,0.2125,M06_H04,0.83,-1.2282,Low_Spoilage_Risk
Garlic,-0.32,81.65,694.0,2.084,-1.761,0.787,0.789,0.5712,0.606,M10_H00,0.75,-1.6089,High_Spoilage_Risk
Chickpea,37.13,74.58,797.0,4.808,21.696,1.294,0.95,0.7868,0.7761,M02_H19,0.423,-0.0911,Critical_Spoilage
Groundnut,20.88,74.35,971.8,2.129,5.953,-1.339,0.993,0.6219,0.6663,M07_H12,0.745,2.4397,High_Spoilage_Risk
Lentil,9.58,77.02,911.2,4.234,2.555,-0.563,0.836,0.6487,0.6931,M08_H06,0.492,-1.5596,High_Spoilage_Risk
Wheat,38.96,69.33,801.1,4.748,3.837,-0.117,0.978,0.6533,0.6772,M06_H15,0.43,-0.9075,High_Spoilage_Risk
Potato,19.92,85.98,782.2,0.809,7.487,0.255,0.748,0.2961,0.2775,M06_H22,0.887,0.8464,Low_Spoilage_Risk
Rice_Paddy,27.0,76.54,1056.2,1.617,-7.121,-0.794,0.966,0.462,0.5077,M06_H09,0.806,3.1323,Moderate_Spoilage_Risk
Chickpea,17.01,74.12,888.3,1.379,3.759,0.368,0.959,0.4536,0.4983,M12_H15,0.835,4.8603,Moderate_Spoilage_Risk
Groundnut,27.46,54.02,899.6,2.838,-10.283,-0.866,0.903,0.3429,0.3626,M04_H05,0.659,0.2945,Moderate_Spoilage_Risk
Rice_Processed,37.28,52.01,1128.3,1.725,4.435,-0.439,0.91,0.4471,0.4366,M02_H09,0.793,4.1722,Moderate_Spoilage_Risk
Garlic,16.27,81.0,1084.7,2.043,-7.246,0.198,0.761,0.6529,0.6483,M09_H16,0.755,3.578,High_Spoilage_Risk
Chickpea,14.78,64.09,472.6,0.79,2.041,-0.195,0.842,0.0905,0.1008,M03_H06,0.905,0.2847,Safe
Onion,16.63,79.39,1094.6,1.872,1.455,2.262,0.84,0.4508,0.484,M10_H09,0.775,2.5577,Moderate_Spoilage_Risk
Garlic,22.02,62.22,924.0,1.465,4.394,0.963,0.925,0.332,0.3688,M06_H20,0.824,5.1622,Moderate_Spoilage_Risk
Black_Gram,9.27,48.56,554.6,1.347,-3.77,-0.321,0.911,0.0649,0.0873,M12_H18,0.838,2.1083,Safe
Maize,36.06,58.81,723.8,3.332,8.55,0.117,0.975,0.4171,0.4082,M08_H00,0.6,-0.0118,Moderate_Spoilage_Risk
Wheat,26.22,78.56,848.9,0.777,11.633,0.716,0.861,0.5871,0.6478,M09_H17,0.907,0.7583,High_Spoilage_Risk
Maize,14.02,68.77,536.4,2.034,-6.789,-1.446,0.921,0.0846,0.0868,M10_H22,0.756,3.8059,Safe
Groundnut,33.24,68.62,691.1,2.564,8.661,-0.339,0.948,0.6596,0.6458,M08_H10,0.692,0.3445,High_Spoilage_Risk
Black_Gram,36.53,57.92,671.2,2.339,12.932,0.278,0.893,0.3583,0.3884,M09_H02,0.719,0.0063,Moderate_Spoilage_Risk
Groundnut,36.43,57.26,1356.3,1.813,8.704,1.374,0.955,0.534,0.5943,M04_H19,0.782,1.9065,High_Spoilage_Risk
Rice_Processed,18.37,59.47,556.1,0.455,1.209,-0.332,0.925,0.0117,0.0082,M03_H18,0.945,-2.827,Safe
Groundnut,32.77,45.0,648.0,3.058,11.895,0.584,0.909,0.4306,0.4654,M04_H11,0.633,0.1201,Moderate_Spoilage_Risk
Soybean,24.64,72.49,681.8,1.006,1.336,0.593,0.925,0.401,0.3979,M04_H18,0.879,0.9991,Moderate_Spoilage_Risk
Sugarcane_Ratoon,30.83,66.77,442.0,0.822,-4.112,0.955,0.938,0.0429,0.0494,M07_H20,0.901,-2.4422,Safe
Lentil,8.29,44.88,674.2,4.879,-3.568,-1.084,0.831,0.2084,0.2531,M11_H19,0.415,-0.5655,Low_Spoilage_Risk
Lentil,21.29,34.21,537.1,1.753,-10.163,-0.546,0.947,0.1141,0.1332,M02_H02,0.79,-1.1213,Safe
Rice_Paddy,28.09,71.73,753.0,3.978,9.553,0.478,0.955,0.2539,0.238,M08_H01,0.523,-1.8097,Low_Spoilage_Risk
Rice_Paddy,32.63,82.14,1150.2,4.527,24.694,-0.012,0.81,0.9056,0.9566,M10_H08,0.457,0.464,Critical_Spoilage
Maize,17.29,58.54,709.7,4.546,-11.502,-0.83,0.902,0.1627,0.15,M07_H05,0.454,2.2185,Low_Spoilage_Risk
Maize,18.31,64.69,601.0,2.299,7.731,0.526,0.835,0.0948,0.0739,M06_H16,0.724,0.0426,Safe
Soybean,8.94,50.46,831.8,4.754,14.011,-0.52,0.893,0.2313,0.2734,M05_H21,0.43,-3.451,Low_Spoilage_Risk
Jute_Seed,42.86,48.45,1156.1,2.664,8.937,-0.253,0.849,0.551,0.5446,M06_H09,0.68,4.1914,High_Spoilage_Risk
Lentil,37.26,70.36,1212.3,1.808,11.845,1.748,0.868,0.7431,0.7833,M05_H19,0.783,0.6237,Critical_Spoilage
Jute_Seed,29.54,53.92,799.0,3.445,-11.35,-0.79,0.968,0.1803,0.2185,M10_H10,0.587,-0.0843,Low_Spoilage_Risk
Soybean,9.73,61.0,582.3,3.343,1.59,-0.625,0.866,0.1364,0.1248,M04_H02,0.599,1.3167,Safe
Jute_Seed,33.76,46.5,985.9,3.038,1.049,-0.106,0.967,0.4039,0.3848,M01_H20,0.635,1.1485,Moderate_Spoilage_Risk
Garlic,5.97,56.32,587.9,2.986,-3.062,0.504,0.851,0.1459,0.2013,M11_H12,0.642,3.8907,Low_Spoilage_Risk
Black_Gram,20.1,60.55,797.9,1.225,-5.041,-0.453,0.851,0.1293,0.1528,M01_H04,0.853,5.2697,Safe
Onion,10.68,63.45,675.0,1.251,0.313,1.243,0.843,0.1002,0.0871,M02_H05,0.85,1.1036,Safe
Potato,12.56,93.32,684.9,0.284,-3.925,-2.168,0.837,0.0265,0.0053,M05_H10,0.827,-2.4661,Safe
Potato,5.22,93.3,654.7,4.825,-6.627,-1.159,0.609,0.1354,0.1319,M03_H05,0.283,0.3963,Safe
Jute_Seed,38.3,59.29,695.0,0.608,14.685,0.147,0.874,0.3088,0.3039,M04_H03,0.927,-2.4233,Moderate_Spoilage_Risk
Chickpea,18.38,77.52,1221.6,2.643,-0.688,0.647,0.942,0.6768,0.6633,M04_H15,0.683,1.9013,High_Spoilage_Risk
Jute_Seed,37.93,51.78,1164.3,4.432,3.071,-0.038,0.982,0.5467,0.6039,M02_H00,0.468,2.1243,High_Spoilage_Risk
Chickpea,33.93,39.55,618.3,3.619,-2.723,0.441,0.892,0.4439,0.4808,M11_H05,0.566,3.5945,Moderate_Spoilage_Risk
Mustard_Seed,23.61,46.79,704.7,3.506,4.574,0.403,0.889,0.19,0.1715,M03_H18,0.579,1.3239,Low_Spoilage_Risk
Soybean,36.61,52.69,747.4,4.306,12.667,-0.694,0.955,0.4713,0.4756,M02_H11,0.483,5.2344,Moderate_Spoilage_Risk
Lentil,17.35,33.53,568.8,4.282,7.509,0.269,0.994,0.186,0.1987,M12_H01,0.486,-2.7303,Low_Spoilage_Risk
Mustard_Seed,7.9,71.69,530.1,4.351,9.099,-0.044,0.856,0.5843,0.6166,M01_H04,0.478,3.216,High_Spoilage_Risk
Soybean,10.67,54.67,632.4,0.764,-7.945,0.764,0.995,0.0643,0.0647,M10_H00,0.908,-2.0815,Safe
Potato,3.62,84.87,754.8,1.187,-16.745,0.367,0.774,0.1323,0.1712,M02_H01,0.858,2.0526,Low_Spoilage_Risk
Rice_Paddy,12.19,79.21,639.8,4.743,0.005,-0.342,0.834,0.5017,0.5504,M01_H03,0.431,0.7273,High_Spoilage_Risk
Potato,11.67,99,631.8,4.168,-9.867,0.935,0.638,0.5542,0.6071,M06_H05,0.267,-3.7438,High_Spoilage_Risk
Wheat,12.71,45.15,849.5,0.178,-5.315,-0.415,0.925,0.15,0.1571,M12_H23,0.979,-2.5152,Low_Spoilage_Risk
Black_Gram,27.57,61.78,635.6,0.117,3.704,0.201,0.875,0.0406,0.0743,M09_H05,0.986,-0.2783,Safe
Groundnut,16.99,65.57,455.0,3.75,-4.494,-0.108,0.915,0.2071,0.2038,M05_H23,0.55,-1.7499,Low_Spoilage_Risk
Lentil,12.23,58.34,640.2,4.873,-1.477,0.151,0.864,0.1749,0.1643,M07_H06,0.415,-0.9603,Low_Spoilage_Risk
Jute_Seed,29.01,53.33,561.4,1.844,5.234,0.871,0.911,0.0742,0.1145,M01_H11,0.779,-2.083,Safe
Lentil,28.18,52.89,452.9,1.584,5.302,0.781,0.829,0.2354,0.2979,M12_H18,0.81,5.2012,Low_Spoilage_Risk
Black_Gram,19.81,71.28,887.4,2.095,6.639,0.164,0.892,0.4191,0.4492,M09_H09,0.749,-0.6947,Moderate_Spoilage_Risk
Groundnut,11.28,47.2,812.8,0.622,-18.094,0.46,0.974,0.165,0.2174,M05_H18,0.925,1.1388,Low_Spoilage_Risk
Chickpea,12.02,62.38,625.8,1.236,1.621,1.237,0.912,0.0847,0.1358,M07_H20,0.852,3.1549,Safe
Sugarcane_Ratoon,28.62,87.48,1118.6,1.041,10.179,-0.651,0.76,0.4317,0.4844,M10_H07,0.834,2.8437,Moderate_Spoilage_Risk
Potato,13.78,75.23,500.6,4.908,-9.543,1.065,0.918,0.2306,0.2486,M05_H04,0.411,1.171,Low_Spoilage_Risk
Garlic,19.95,85.67,1613.2,2.42,21.015,0.237,0.722,0.8765,0.9187,M10_H09,0.698,2.5139,Critical_Spoilage
Mustard_Seed,22.73,63.84,639.2,3.76,3.366,0.242,0.941,0.3364,0.3827,M04_H22,0.549,-1.2009,Moderate_Spoilage_Risk
Potato,7.26,93.13,492.8,2.185,-3.217,-0.455,0.701,0.0991,0.1306,M12_H04,0.602,-0.8734,Safe
Soybean,12.33,54.25,696.3,4.183,-5.996,-0.452,0.838,0.17,0.1851,M02_H06,0.498,-0.9716,Low_Spoilage_Risk
Lentil,36.69,43.06,1083.0,0.43,-7.177,1.185,0.852,0.3782,0.4026,M08_H13,0.948,3.7544,Moderate_Spoilage_Risk
Onion,15.21,81.34,642.3,0.255,2.157,0.32,0.706,0.2833,0.3117,M11_H10,0.969,3.3112,Moderate_Spoilage_Risk
Rice_Paddy,31.14,54.67,700.5,1.496,0.06,-0.873,0.966,0.2449,0.2818,M03_H23,0.82,-1.2633,Low_Spoilage_Risk
Rice_Paddy,35.74,55.38,793.3,3.229,-3.549,0.867,0.99,0.438,0.463,M05_H17,0.613,-1.704,Moderate_Spoilage_Risk
Black_Gram,21.9,35.29,699.2,2.324,11.189,0.003,0.947,0.1797,0.1686,M02_H08,0.721,-1.1546,Low_Spoilage_Risk
Onion,15.25,82.04,855.6,4.088,12.249,0.242,0.743,0.526,0.5372,M06_H00,0.509,4.7265,High_Spoilage_Risk
Soybean,7.41,45.23,841.3,3.209,7.537,1.306,0.924,0.2789,0.2849,M11_H07,0.615,-0.6387,Low_Spoilage_Risk
Wheat,26.33,51.73,427.0,4.839,5.955,0.218,0.943,0.2271,0.2149,M03_H00,0.419,-1.0003,Low_Spoilage_Risk
Black_Gram,17.97,51.93,390.0,4.115,-7.453,-1.11,0.911,0.1458,0.1756,M09_H16,0.506,-0.1415,Low_Spoilage_Risk
Mustard_Seed,29.11,74.33,1343.0,1.288,14.466,-0.646,0.97,0.8374,0.896,M07_H04,0.845,0.9655,Critical_Spoilage
Garlic,24.98,78.21,819.9,4.507,28.335,0.08,0.944,0.712,0.717,M07_H14,0.459,-3.5036,Critical_Spoilage
Sugarcane_Ratoon,36.02,83.75,1120.6,1.991,-3.432,0.234,0.802,0.542,0.5814,M02_H17,0.761,3.8089,High_Spoilage_Risk
Lentil,34.08,71.0,789.2,2.744,11.422,-0.265,0.948,0.7015,0.7025,M11_H09,0.671,5.0513,Critical_Spoilage
Rice_Processed,20.05,46.09,712.2,2.88,-15.853,1.257,0.998,0.1889,0.2138,M03_H05,0.654,1.1177,Low_Spoilage_Risk
Garlic,7.84,74.54,1013.4,1.479,12.353,-0.006,0.912,0.2878,0.2737,M05_H20,0.823,2.198,Low_Spoilage_Risk
Chickpea,26.13,28.22,666.0,3.443,9.483,0.202,0.945,0.223,0.2524,M12_H01,0.587,-1.8505,Low_Spoilage_Risk
Black_Gram,26.15,75.45,562.5,0.865,15.077,-0.013,0.848,0.3967,0.4516,M04_H20,0.896,-0.3897,Moderate_Spoilage_Risk
Soybean,28.91,56.63,569.2,1.01,-1.22,-1.112,0.874,0.1803,0.2214,M10_H08,0.879,2.5491,Low_Spoilage_Risk
Rice_Paddy,29.35,77.49,532.2,2.097,7.142,-0.55,0.857,0.3985,0.4481,M09_H02,0.748,0.3804,Moderate_Spoilage_Risk
Rice_Processed,23.05,65.71,623.6,0.583,-6.301,0.895,0.971,0.0504,0.0501,M07_H14,0.93,-0.2637,Safe
Groundnut,6.34,57.19,493.6,1.559,-20.741,1.156,0.92,0.1104,0.102,M02_H21,0.813,0.8636,Safe
Potato,7.86,91.3,855.4,0.746,-9.522,-0.692,0.51,0.0948,0.1204,M03_H13,0.805,-2.4481,Safe
Rice_Paddy,34.22,49.91,531.9,0.254,-1.433,0.841,0.917,0.2812,0.3291,M09_H07,0.97,0.419,Moderate_Spoilage_Risk
Mustard_Seed,36.72,39.89,1052.8,4.426,13.146,-0.729,0.867,0.56,0.5866,M12_H09,0.469,2.5335,High_Spoilage_Risk
Potato,15.95,96.58,918.0,1.741,-4.067,0.1,0.555,0.5779,0.5818,M07_H10,0.598,1.7968,High_Spoilage_Risk
Rice_Processed,24.04,74.88,851.7,4.842,-6.576,0.371,0.87,0.5018,0.5031,M08_H10,0.419,-1.0525,High_Spoilage_Risk
Jute_Seed,14.19,50.5,429.8,3.243,-3.662,0.479,0.926,0.1546,0.163,M07_H08,0.611,-0.7765,Low_Spoilage_Risk
Chickpea,39.8,73.86,1047.2,3.603,22.188,1.043,0.918,0.7994,0.7993,M04_H06,0.568,3.8236,Critical_Spoilage
Mustard_Seed,18.83,43.65,809.6,3.225,-8.551,0.579,0.996,0.2217,0.2659,M09_H18,0.613,-1.3246,Low_Spoilage_Risk
Mustard_Seed,22.45,59.4,515.4,3.407,-16.486,-1.235,0.897,0.1267,0.1068,M05_H16,0.591,1.9263,Safe
Mustard_Seed,14.91,66.83,633.5,3.899,-2.697,-0.166,0.847,0.4424,0.4322,M06_H14,0.532,1.2747,Moderate_Spoilage_Risk
Soybean,22.71,79.51,1214.1,3.943,1.923,-0.088,0.958,0.7349,0.73,M10_H18,0.527,0.5136,Critical_Spoilage
Rice_Paddy,37.65,78.36,1269.4,2.485,14.987,0.8,0.831,0.8429,0.8509,M05_H14,0.702,5.1677,Critical_Spoilage
Rice_Paddy,21.6,55.3,453.5,3.577,-4.523,-0.471,0.997,0.1548,0.1437,M11_H11,0.571,-0.9187,Safe
Lentil,37.78,31.34,789.0,0.774,20.036,-0.525,0.942,0.3979,0.4064,M11_H15,0.907,-0.6675,Moderate_Spoilage_Risk
Soybean,26.36,58.4,532.9,3.563,1.061,0.768,0.853,0.1912,0.2411,M10_H21,0.572,1.4277,Low_Spoilage_Risk
Maize,11.22,65.78,460.0,2.389,9.673,1.132,0.998,0.1045,0.1198,M08_H01,0.713,-2.1577,Safe
Groundnut,36.89,64.02,804.9,0.972,6.02,-0.116,0.85,0.3676,0.3874,M04_H15,0.883,2.8008,Moderate_Spoilage_Risk
Potato,20.42,99,1210.3,3.003,11.476,0.634,0.842,0.9426,0.9785,M07_H22,0.406,0.6731,Critical_Spoilage
Mustard_Seed,22.61,46.55,654.0,1.71,7.761,-0.65,0.936,0.0911,0.1088,M10_H14,0.795,0.1713,Safe
Groundnut,24.08,41.14,458.4,3.827,-4.096,0.567,0.916,0.1715,0.1877,M11_H22,0.541,0.7139,Low_Spoilage_Risk
Onion,6.25,67.7,838.2,0.757,-14.391,-0.746,0.885,0.0692,0.1075,M02_H04,0.909,-0.9105,Safe
Wheat,12.64,70.51,521.0,1.406,-6.68,0.81,0.865,0.2876,0.2656,M06_H14,0.831,2.3228,Low_Spoilage_Risk
Onion,16.22,60.53,809.9,3.324,9.845,0.879,0.953,0.318,0.3348,M04_H21,0.601,4.2902,Moderate_Spoilage_Risk
Soybean,8.74,68.18,939.7,1.416,1.449,-0.087,0.982,0.3093,0.3154,M03_H01,0.83,0.0182,Moderate_Spoilage_Risk
Groundnut,39.05,65.31,927.9,2.454,-0.783,-0.526,0.879,0.5075,0.4943,M09_H08,0.706,3.5565,Moderate_Spoilage_Risk
Wheat,14.95,52.98,838.8,0.588,1.099,-0.642,0.916,0.0918,0.1137,M01_H09,0.929,3.6808,Safe
Mustard_Seed,21.93,55.24,818.5,1.013,-11.776,1.364,0.837,0.1264,0.1671,M08_H03,0.878,0.3043,Low_Spoilage_Risk
Lentil,29.86,66.44,792.7,2.753,-1.346,0.769,0.884,0.587,0.6363,M07_H04,0.67,5.9482,High_Spoilage_Risk
Lentil,19.77,44.24,377.1,2.234,-5.911,-0.345,0.955,0.0953,0.0965,M07_H12,0.732,2.3419,Safe
Chickpea,7.43,33.71,412.4,2.509,1.258,-0.896,0.867,0.1957,0.2035,M11_H16,0.699,1.1596,Low_Spoilage_Risk
Chickpea,12.3,46.63,658.0,2.587,9.973,-0.312,0.836,0.1486,0.1514,M10_H16,0.69,2.8437,Low_Spoilage_Risk
Lentil,29.05,53.53,816.9,3.981,-1.779,-1.287,0.886,0.4328,0.4474,M01_H20,0.522,0.3443,Moderate_Spoilage_Risk
Maize,15.96,65.52,502.2,3.758,-1.497,-1.535,0.984,0.1554,0.1931,M07_H18,0.549,-3.3532,Low_Spoilage_Risk
Sugarcane_Ratoon,18.38,80.08,579.9,3.213,-11.413,0.606,0.915,0.1917,0.2111,M11_H13,0.614,4.1308,Low_Spoilage_Risk
Soybean,7.35,42.33,446.0,0.165,-4.233,0.701,1.0,0.0767,0.0727,M11_H05,0.98,0.7316,Safe
Sugarcane_Ratoon,29.92,81.3,737.0,4.55,-1.998,-0.318,0.808,0.2717,0.3121,M01_H08,0.454,2.0943,Low_Spoilage_Risk
Black_Gram,27.7,49.47,680.4,4.859,-3.779,0.002,0.842,0.172,0.1614,M03_H07,0.417,-2.5153,Low_Spoilage_Risk
Wheat,16.31,40.03,798.8,3.19,-12.603,-0.681,0.908,0.2273,0.266,M12_H04,0.617,-0.3692,Low_Spoilage_Risk
Soybean,10.64,72.43,662.6,3.752,5.066,0.42,0.895,0.4996,0.4758,M02_H10,0.55,-0.3783,Moderate_Spoilage_Risk
Sugarcane_Ratoon,21.09,79.84,522.0,2.584,-4.385,2.448,0.822,0.1552,0.2063,M03_H16,0.69,1.5159,Low_Spoilage_Risk
Jute_Seed,14.33,41.58,568.5,1.562,-6.811,-1.574,0.867,0.1224,0.0998,M11_H13,0.813,-2.9407,Safe
Soybean,21.48,52.29,670.9,4.325,0.29,-1.567,0.884,0.1789,0.217,M01_H07,0.481,1.3019,Low_Spoilage_Risk
Sugarcane_Ratoon,15.97,71.7,927.7,4.209,-1.161,0.341,0.914,0.2048,0.1955,M03_H20,0.495,2.311,Low_Spoilage_Risk
Black_Gram,21.04,59.64,426.2,1.779,-11.576,-0.327,0.824,0.08,0.0787,M06_H04,0.787,-1.8015,Safe
Soybean,33.22,46.22,1161.7,1.452,-0.491,-0.145,0.887,0.5158,0.5322,M10_H00,0.826,-1.9679,High_Spoilage_Risk
Black_Gram,11.75,54.55,487.5,1.72,-12.64,-0.417,0.887,0.0606,0.0422,M06_H16,0.794,-1.1712,Safe
Lentil,12.01,37.97,694.5,0.835,-0.51,-1.535,0.988,0.1257,0.157,M10_H10,0.9,1.8493,Safe
Rice_Paddy,24.61,73.7,419.5,4.049,0.821,-0.11,0.848,0.3015,0.2991,M11_H22,0.514,-1.3581,Moderate_Spoilage_Risk
Soybean,16.62,56.26,400.1,4.984,2.968,0.27,0.932,0.1435,0.1721,M08_H18,0.402,2.8472,Low_Spoilage_Risk
Rice_Processed,38.88,42.13,1268.1,1.175,14.026,-1.175,0.972,0.4892,0.515,M11_H07,0.859,-1.156,High_Spoilage_Risk
Mustard_Seed,33.35,65.1,1098.7,3.074,9.264,1.434,0.899,0.729,0.7227,M07_H02,0.631,1.4087,Critical_Spoilage
Onion,22.18,73.32,725.5,3.536,11.669,0.311,0.895,0.3484,0.3494,M01_H09,0.576,2.244,Moderate_Spoilage_Risk
Sugarcane_Ratoon,28.15,90.41,633.5,1.279,19.167,0.729,0.817,0.4054,0.4489,M03_H06,0.756,1.0932,Moderate_Spoilage_Risk
Rice_Processed,40.84,77.32,1055.5,4.972,9.296,0.511,0.928,0.9038,0.9664,M12_H09,0.403,2.266,Critical_Spoilage
Garlic,20.24,81.02,1141.6,3.388,27.455,-1.013,0.946,0.7808,0.8288,M07_H10,0.593,1.2935,Critical_Spoilage
Wheat,24.05,51.7,626.3,4.188,-12.664,-2.515,0.827,0.1536,0.1928,M10_H07,0.497,2.0736,Low_Spoilage_Risk
Sugarcane_Ratoon,35.68,74.4,755.1,0.138,5.94,-0.635,0.898,0.2182,0.204,M03_H03,0.983,0.6171,Low_Spoilage_Risk
Wheat,28.59,52.4,785.1,1.449,-4.578,-0.057,0.929,0.3197,0.3601,M08_H02,0.826,3.765,Moderate_Spoilage_Risk
Onion,20.94,56.35,1316.1,3.932,3.287,0.483,0.948,0.5604,0.6054,M03_H02,0.528,-0.7025,High_Spoilage_Risk
Lentil,23.3,70.69,593.3,0.419,4.156,0.179,0.894,0.3319,0.3513,M09_H08,0.95,-2.6984,Moderate_Spoilage_Risk
Soybean,13.5,68.6,795.3,4.073,-3.372,1.389,0.975,0.3819,0.3836,M07_H22,0.511,2.8822,Moderate_Spoilage_Risk
Rice_Paddy,21.52,86.07,1119.5,4.524,-1.364,0.029,0.837,0.7066,0.701,M07_H22,0.439,0.4837,Critical_Spoilage
Wheat,16.3,58.39,679.8,0.631,-11.224,-0.215,0.899,0.0519,0.0247,M03_H14,0.924,-0.7151,Safe
Wheat,10.35,53.44,757.7,1.753,-10.07,-0.765,0.849,0.1174,0.1141,M07_H19,0.79,0.448,Safe
Rice_Processed,30.06,63.09,725.8,0.147,-3.132,-0.687,0.888,0.0523,0.0556,M03_H00,0.982,2.9116,Safe
Sugarcane_Ratoon,23.84,65.07,661.9,1.322,-3.554,-0.707,0.949,0.0471,0.0684,M08_H13,0.841,-0.2907,Safe
Garlic,8.22,88.52,630.2,4.088,3.512,-0.081,0.7,0.5517,0.5869,M09_H18,0.451,1.1818,High_Spoilage_Risk
Wheat,12.2,58.2,401.4,0.653,-18.329,0.207,0.923,0.0264,0.0289,M12_H21,0.922,-0.3728,Safe
Wheat,27.15,58.61,622.8,2.126,6.406,-0.731,0.995,0.2083,0.21,M12_H03,0.745,-1.4486,Low_Spoilage_Risk
Lentil,39.85,67.43,1220.1,2.495,18.905,0.063,0.985,0.6826,0.738,M09_H13,0.701,7.1223,Critical_Spoilage
Onion,17.2,65.29,673.2,3.212,-0.417,-0.727,0.906,0.2505,0.2736,M03_H05,0.615,3.2711,Low_Spoilage_Risk
Lentil,37.14,35.86,1020.8,4.017,25.9,0.169,0.973,0.5401,0.5493,M04_H20,0.518,0.5605,High_Spoilage_Risk
Chickpea,21.62,36.66,640.3,3.888,0.738,-0.516,0.97,0.2008,0.2409,M02_H08,0.533,3.1631,Low_Spoilage_Risk
Maize,36.09,62.46,953.3,0.977,3.809,-0.95,0.905,0.4123,0.4368,M03_H16,0.883,-3.7549,Moderate_Spoilage_Risk
Rice_Processed,15.44,82.18,1081.4,2.56,19.279,-0.368,0.73,0.633,0.629,M08_H18,0.693,0.1941,High_Spoilage_Risk
Onion,-0.97,89.16,932.9,1.601,-11.468,1.733,0.775,0.6575,0.7088,M10_H05,0.739,2.2946,High_Spoilage_Risk
Garlic,4.34,57.13,479.3,0.132,10.971,0.372,0.827,0.0577,0.1122,M01_H18,0.984,1.6358,Safe
Sugarcane_Ratoon,14.86,78.39,636.3,1.59,-6.441,0.528,0.948,0.0753,0.0865,M09_H01,0.809,2.9415,Safe
Mustard_Seed,19.91,73.09,1162.2,0.567,10.403,1.214,0.908,0.5668,0.5688,M06_H15,0.932,4.8062,High_Spoilage_Risk
Garlic,3.56,54.61,648.2,4.945,4.251,-0.694,0.901,0.1909,0.2048,M02_H20,0.407,-0.4047,Low_Spoilage_Risk
Potato,6.16,87.88,632.6,0.142,-16.761,-0.468,0.813,0.0,0.0,M07_H06,0.935,-1.5537,Safe
Garlic,1.01,90.6,695.5,3.251,15.156,-0.348,0.639,0.6229,0.6827,M08_H18,0.517,1.6551,High_Spoilage_Risk
Wheat,30.13,73.56,695.7,1.814,13.721,0.912,0.932,0.7278,0.7868,M06_H11,0.782,-1.7055,Critical_Spoilage
Garlic,14.01,74.68,628.7,3.5,-4.864,0.417,0.867,0.3486,0.3231,M05_H16,0.58,-2.4022,Moderate_Spoilage_Risk
Wheat,18.23,42.15,441.0,0.837,2.591,1.891,0.943,0.0907,0.1066,M03_H09,0.9,2.055,Safe
Rice_Paddy,27.82,65.57,574.7,0.5,-5.532,0.112,0.838,0.0286,0.0314,M08_H11,0.94,1.7297,Safe
Potato,21.6,88.43,779.9,0.608,23.536,0.085,0.873,0.2829,0.3102,M09_H20,0.87,0.3314,Low_Spoilage_Risk
Onion,6.58,70.72,728.3,2.898,-5.625,0.177,0.964,0.1517,0.1307,M10_H14,0.652,-3.5977,Safe
Soybean,29.22,60.01,760.2,2.386,3.704,-0.496,0.872,0.3055,0.3087,M04_H04,0.714,2.5961,Moderate_Spoilage_Risk
Rice_Processed,17.56,66.93,826.1,3.403,18.664,0.984,0.82,0.2095,0.1982,M01_H15,0.592,2.1785,Low_Spoilage_Risk
Chickpea,31.61,32.29,1020.3,0.718,0.5,-0.642,0.863,0.4063,0.4094,M12_H04,0.914,-0.2577,Moderate_Spoilage_Risk
Lentil,21.72,48.5,808.5,1.929,-3.243,0.297,0.894,0.1452,0.1363,M02_H00,0.769,0.3186,Safe
Garlic,12.73,75.74,1117.4,3.044,9.411,0.652,0.953,0.4856,0.5244,M07_H05,0.635,-1.4639,High_Spoilage_Risk
Soybean,19.94,75.99,907.4,4.163,2.928,0.703,0.904,0.6644,0.6543,M10_H19,0.5,1.2401,High_Spoilage_Risk
Chickpea,18.91,44.29,616.6,3.336,-9.095,-1.573,0.966,0.1636,0.1453,M12_H06,0.6,1.1336,Low_Spoilage_Risk
Maize,21.63,70.13,421.5,4.721,-16.662,-0.067,0.84,0.1649,0.2095,M05_H02,0.433,-1.0734,Low_Spoilage_Risk
Potato,7.36,87.11,883.9,3.324,0.798,-0.034,0.922,0.1883,0.1958,M08_H02,0.566,-1.2424,Low_Spoilage_Risk
Wheat,23.62,64.01,593.4,1.235,-6.014,0.261,0.931,0.0781,0.0928,M02_H22,0.852,3.9201,Safe
Rice_Processed,40.52,50.33,1026.9,3.107,14.252,-0.2,0.99,0.4681,0.5222,M07_H05,0.627,1.457,High_Spoilage_Risk
Soybean,16.67,77.18,1055.1,0.132,8.183,0.582,0.848,0.5569,0.5469,M07_H13,0.984,-0.5547,High_Spoilage_Risk
Wheat,25.72,72.19,886.5,1.227,-4.897,2.067,0.97,0.4774,0.4689,M01_H15,0.853,0.5369,Moderate_Spoilage_Risk
Jute_Seed,17.71,72.97,542.9,2.974,13.608,1.259,0.854,0.3503,0.4032,M04_H18,0.643,-0.7313,Moderate_Spoilage_Risk
Mustard_Seed,10.76,65.85,592.7,1.388,-2.072,1.338,0.926,0.3176,0.3222,M09_H20,0.833,2.7259,Moderate_Spoilage_Risk
Rice_Paddy,13.34,60.04,403.8,4.971,-7.0,0.277,0.988,0.1423,0.145,M05_H00,0.403,-0.3022,Safe
Jute_Seed,34.21,49.28,570.0,3.638,4.291,-0.795,0.927,0.3105,0.3131,M05_H12,0.563,1.4439,Moderate_Spoilage_Risk
Onion,3.14,61.34,637.2,0.4,-7.09,-0.0,0.937,0.0573,0.0786,M07_H14,0.952,-1.1688,Safe
Black_Gram,12.79,40.25,548.6,4.984,-5.147,0.227,0.85,0.1792,0.1837,M07_H23,0.402,-1.2405,Low_Spoilage_Risk
Mustard_Seed,2.61,47.01,497.2,1.639,-16.459,-1.009,0.892,0.1458,0.1715,M01_H23,0.803,1.0542,Low_Spoilage_Risk
Rice_Paddy,24.98,88.83,986.5,0.373,16.723,1.239,0.868,0.5387,0.5336,M08_H03,0.891,-0.472,High_Spoilage_Risk
Garlic,23.75,83.64,1411.6,4.867,25.675,-0.604,0.733,0.9593,0.9973,M10_H12,0.416,4.4641,Critical_Spoilage
Sugarcane_Ratoon,24.8,68.65,903.4,2.645,-10.63,0.416,0.834,0.1787,0.2257,M11_H04,0.683,3.42,Low_Spoilage_Risk
Garlic,19.75,71.71,1174.8,1.539,9.469,-1.867,0.914,0.4158,0.4371,M05_H21,0.815,2.8481,Moderate_Spoilage_Risk
Lentil,13.3,50.79,470.6,1.896,6.128,-0.017,0.936,0.0798,0.1237,M08_H13,0.772,1.9203,Safe
Jute_Seed,18.68,40.02,640.4,4.324,-9.425,1.148,0.915,0.2058,0.2278,M05_H15,0.481,-2.2377,Low_Spoilage_Risk
Rice_Processed,28.78,77.85,786.4,4.987,-5.611,-0.729,0.866,0.61,0.6531,M03_H06,0.402,-1.7328,High_Spoilage_Risk
Onion,11.86,86.48,626.7,3.616,-1.354,-0.302,0.748,0.556,0.6113,M04_H06,0.541,5.1333,High_Spoilage_Risk
Jute_Seed,38.19,43.39,1192.6,2.733,18.95,-0.185,0.954,0.5591,0.5975,M11_H00,0.672,1.2728,High_Spoilage_Risk
Jute_Seed,13.85,73.89,706.6,3.117,21.242,1.631,0.986,0.4352,0.4792,M02_H15,0.626,3.9574,Moderate_Spoilage_Risk
Maize,22.16,87.34,1140.2,4.721,27.918,1.183,0.769,0.7445,0.785,M09_H19,0.394,-4.2125,Critical_Spoilage
Onion,-2,79.0,586.2,4.364,14.047,-0.028,0.893,0.3625,0.382,M02_H20,0.476,-1.1678,Moderate_Spoilage_Risk
Rice_Paddy,14.87,73.3,720.2,3.754,-14.251,0.316,0.911,0.3284,0.3019,M04_H18,0.55,-0.6278,Moderate_Spoilage_Risk
Sugarcane_Ratoon,24.97,71.6,797.4,2.297,-9.125,-0.162,0.917,0.117,0.1538,M03_H19,0.724,1.1003,Safe
Garlic,23.75,53.53,1045.4,1.106,1.71,-0.586,0.966,0.4371,0.4718,M04_H16,0.867,2.7039,Moderate_Spoilage_Risk
Black_Gram,32.45,73.2,1152.7,3.744,12.449,-0.379,0.938,0.8554,0.9083,M08_H08,0.551,-0.717,Critical_Spoilage
Maize,27.08,61.11,865.8,3.546,16.684,0.078,0.962,0.2396,0.2313,M01_H19,0.574,-2.4676,Low_Spoilage_Risk
Maize,17.06,60.08,790.2,2.887,-13.145,0.06,0.921,0.163,0.1375,M05_H22,0.654,-2.1844,Safe
Soybean,24.32,76.57,1112.7,3.975,5.325,1.607,0.961,0.6887,0.7389,M09_H12,0.523,3.8836,Critical_Spoilage
Mustard_Seed,32.74,69.19,742.2,2.273,14.95,-0.329,0.822,0.7465,0.7504,M05_H04,0.727,-1.0351,Critical_Spoilage
Soybean,14.16,67.28,430.4,0.401,-0.917,0.816,0.834,0.1088,0.1052,M10_H20,0.952,-1.5609,Safe
Black_Gram,17.14,64.62,810.5,3.587,-15.178,-0.38,0.913,0.2784,0.2557,M05_H22,0.57,-3.6127,Low_Spoilage_Risk
Sugarcane_Ratoon,14.51,85.39,484.6,2.744,17.024,-0.792,0.748,0.3376,0.3385,M06_H03,0.664,0.4602,Moderate_Spoilage_Risk
Onion,19.68,65.98,897.2,2.264,5.923,-0.35,0.936,0.3018,0.2871,M10_H19,0.728,-0.2069,Low_Spoilage_Risk
Jute_Seed,13.64,77.72,939.4,3.209,-12.826,0.479,0.827,0.6118,0.6631,M12_H03,0.615,2.3285,High_Spoilage_Risk
Sugarcane_Ratoon,28.17,57.32,738.1,2.821,-5.543,0.534,0.956,0.1721,0.2117,M01_H10,0.661,-1.1624,Low_Spoilage_Risk
Chickpea,27.95,34.11,467.0,3.737,-4.194,-0.25,0.965,0.2345,0.276,M01_H21,0.552,-0.7436,Low_Spoilage_Risk
Rice_Paddy,14.21,44.56,493.4,0.595,-7.832,-0.199,0.886,0.0639,0.0591,M12_H02,0.929,2.7984,Safe
Rice_Processed,38.22,66.97,533.4,2.708,3.023,-0.125,0.95,0.3597,0.3583,M01_H19,0.675,1.2902,Moderate_Spoilage_Risk
Onion,-0.58,73.57,520.9,3.805,10.784,-0.787,0.821,0.2369,0.2549,M04_H00,0.543,-2.1473,Low_Spoilage_Risk
Rice_Paddy,38.17,46.52,827.4,3.855,1.973,0.529,0.849,0.5306,0.5761,M02_H16,0.537,2.7824,High_Spoilage_Risk
Sugarcane_Ratoon,34.39,93.2,1017.7,3.214,4.426,0.02,0.524,0.7345,0.7649,M08_H09,0.478,1.8987,Critical_Spoilage
Chickpea,40.08,71.91,1396.9,3.839,13.924,0.553,0.964,0.8582,0.8871,M10_H09,0.539,2.9931,Critical_Spoilage
Chickpea,40.21,73.44,1012.5,4.091,10.835,0.142,0.963,0.8092,0.8104,M08_H07,0.509,-2.0333,Critical_Spoilage
Rice_Paddy,40.33,79.53,748.7,3.335,2.392,-0.923,0.832,0.7808,0.7998,M08_H11,0.6,3.7348,Critical_Spoilage
Soybean,23.57,60.99,823.9,1.194,5.98,-1.011,0.91,0.1382,0.1704,M11_H04,0.857,2.2132,Low_Spoilage_Risk
Onion,-0.64,84.54,1035.7,0.847,9.376,-0.406,0.883,0.5361,0.5845,M02_H06,0.898,-2.4898,High_Spoilage_Risk
Chickpea,23.12,72.29,678.6,3.228,-2.494,0.058,0.916,0.4324,0.4249,M07_H14,0.613,0.2319,Moderate_Spoilage_Risk
Sugarcane_Ratoon,21.64,87.17,548.9,4.582,8.245,0.548,0.78,0.4142,0.4559,M06_H23,0.414,-2.7192,Moderate_Spoilage_Risk
Sugarcane_Ratoon,21.02,85.59,1142.0,0.206,-4.316,-0.077,0.714,0.328,0.3024,M04_H13,0.965,0.2699,Moderate_Spoilage_Risk
Rice_Processed,20.26,73.62,929.0,0.407,-5.359,1.489,0.854,0.3179,0.3334,M10_H13,0.951,2.9815,Moderate_Spoilage_Risk
Garlic,-0.28,56.05,555.4,3.67,1.168,-0.921,0.953,0.2758,0.2899,M01_H23,0.56,2.1103,Low_Spoilage_Risk
Lentil,8.83,39.92,806.5,0.896,-10.072,-0.805,0.871,0.1498,0.1858,M12_H03,0.892,-1.9097,Low_Spoilage_Risk
Onion,-2,59.08,881.8,1.66,-8.34,-0.867,0.91,0.2817,0.3287,M02_H23,0.801,-1.056,Moderate_Spoilage_Risk
Onion,19.04,59.35,753.5,3.95,-4.034,0.803,0.944,0.3817,0.4125,M11_H13,0.526,1.4232,Moderate_Spoilage_Risk
Garlic,2.08,54.22,672.2,2.474,-4.593,-0.981,0.964,0.1626,0.1571,M11_H04,0.703,1.2187,Low_Spoilage_Risk
Jute_Seed,25.68,67.25,678.8,0.853,4.47,0.674,0.957,0.1419,0.1634,M02_H17,0.898,-0.7823,Low_Spoilage_Risk
Garlic,2.58,61.42,375.3,0.561,-14.864,0.343,0.838,0.028,0.032,M03_H22,0.933,3.3299,Safe
Soybean,29.48,55.94,760.2,1.391,-4.577,1.034,0.873,0.2883,0.3447,M04_H20,0.833,0.2099,Moderate_Spoilage_Risk
Chickpea,38.34,66.43,1033.4,0.46,17.157,-0.542,0.895,0.478,0.5396,M07_H06,0.945,2.4995,High_Spoilage_Risk
Rice_Processed,16.95,79.48,828.7,1.808,3.516,0.733,0.999,0.543,0.5341,M02_H23,0.783,-0.8164,High_Spoilage_Risk
Maize,24.5,54.82,915.1,2.284,1.924,-0.973,0.922,0.2372,0.2461,M05_H18,0.726,0.0355,Low_Spoilage_Risk
Maize,17.11,69.45,583.7,4.63,-16.302,0.057,0.852,0.1605,0.1855,M10_H05,0.444,-1.0586,Low_Spoilage_Risk
Lentil,15.04,36.23,790.7,0.707,-6.655,0.684,0.886,0.1226,0.1502,M05_H06,0.915,-1.8735,Safe
Mustard_Seed,9.54,56.31,551.3,3.337,-5.918,-0.14,0.835,0.1555,0.1679,M08_H23,0.6,-5.7732,Low_Spoilage_Risk
Onion,26.72,72.15,962.2,4.879,15.873,-0.05,0.844,0.5066,0.4914,M04_H10,0.415,1.007,Moderate_Spoilage_Risk
Onion,9.43,65.23,812.9,0.638,-17.156,-0.473,0.831,0.0635,0.0647,M09_H13,0.923,2.2591,Safe
Black_Gram,43.12,49.27,1191.9,4.499,-0.045,-0.021,0.954,0.5471,0.574,M07_H10,0.46,-0.1081,High_Spoilage_Risk
Potato,13.63,99,1051.2,1.454,4.442,-1.202,0.61,0.6108,0.6627,M06_H20,0.592,-0.4196,High_Spoilage_Risk
Rice_Paddy,31.1,76.17,846.5,3.288,4.972,-0.452,0.958,0.5543,0.5497,M01_H17,0.605,0.8762,High_Spoilage_Risk
Mustard_Seed,28.52,47.52,548.9,2.564,-4.729,0.236,0.864,0.2785,0.2884,M06_H13,0.692,-0.2767,Low_Spoilage_Risk
Rice_Paddy,22.99,83.11,682.7,3.001,2.887,0.726,0.874,0.5402,0.5726,M01_H09,0.64,0.0063,High_Spoilage_Risk
Black_Gram,33.84,40.65,1001.7,2.506,13.168,0.085,0.936,0.5189,0.5803,M05_H13,0.699,2.3283,High_Spoilage_Risk
Groundnut,11.22,53.45,679.4,4.101,6.187,-0.177,0.944,0.2028,0.2279,M09_H02,0.508,1.0819,Low_Spoilage_Risk
Chickpea,33.85,38.88,921.8,0.284,2.785,-0.254,0.985,0.3759,0.414,M06_H23,0.966,1.8039,Moderate_Spoilage_Risk
Onion,-2,87.06,951.9,4.279,1.443,1.084,0.862,0.7131,0.6969,M02_H18,0.452,1.0421,Critical_Spoilage
Rice_Paddy,36.17,48.92,680.3,1.399,9.387,1.507,0.978,0.368,0.3694,M02_H00,0.832,-0.5904,Moderate_Spoilage_Risk
Soybean,33.07,45.1,1030.2,0.506,-3.367,0.743,0.958,0.4333,0.4382,M01_H09,0.939,-2.3322,Moderate_Spoilage_Risk
Rice_Processed,34.32,51.58,993.8,1.629,-1.41,0.756,0.875,0.2821,0.266,M09_H06,0.805,1.9992,Low_Spoilage_Risk
Potato,1.46,93.45,800.1,1.392,-0.795,0.694,0.838,0.1688,0.2148,M04_H23,0.692,0.0712,Low_Spoilage_Risk
Jute_Seed,19.59,72.11,954.3,2.302,17.815,-1.053,0.929,0.4088,0.4684,M02_H19,0.724,0.6715,Moderate_Spoilage_Risk
Lentil,14.19,55.33,405.9,2.313,3.305,0.513,0.978,0.075,0.094,M02_H05,0.722,0.8602,Safe
Soybean,32.49,75.53,746.1,3.206,13.396,-0.657,0.872,0.8454,0.8851,M04_H10,0.615,1.2465,Critical_Spoilage
Chickpea,19.14,73.17,594.2,1.366,2.025,0.689,0.833,0.3604,0.3376,M05_H01,0.836,0.0132,Moderate_Spoilage_Risk
Soybean,28.24,64.55,684.5,2.401,0.944,-1.515,0.988,0.2537,0.275,M11_H01,0.712,1.3406,Low_Spoilage_Risk
Maize,8.68,78.94,646.7,3.038,6.124,0.235,0.889,0.5506,0.5984,M09_H01,0.635,0.6477,High_Spoilage_Risk
Chickpea,16.61,63.85,742.9,1.329,11.206,1.197,0.874,0.1523,0.1962,M12_H23,0.841,-0.3735,Low_Spoilage_Risk
Lentil,25.65,38.14,556.6,2.636,-0.489,0.367,0.945,0.1836,0.215,M10_H13,0.684,2.0462,Low_Spoilage_Risk
Garlic,13.82,68.48,672.5,4.714,-11.366,-0.91,0.977,0.2456,0.2374,M07_H08,0.434,-4.299,Low_Spoilage_Risk
Jute_Seed,25.07,78.62,1042.8,3.311,7.675,0.672,0.843,0.656,0.6674,M04_H18,0.603,0.5898,High_Spoilage_Risk
Chickpea,29.19,41.91,580.0,0.767,2.87,0.761,0.965,0.14,0.1697,M04_H17,0.908,1.0906,Low_Spoilage_Risk
Garlic,15.77,67.94,551.5,0.984,-13.069,0.088,0.959,0.1349,0.1107,M12_H08,0.882,0.6622,Safe
Rice_Paddy,12.26,60.57,672.5,1.018,-7.788,-0.848,0.918,0.0951,0.1057,M10_H07,0.878,-3.1715,Safe
Chickpea,29.92,49.97,710.5,1.016,5.662,1.496,0.905,0.2187,0.263,M05_H01,0.878,0.0028,Low_Spoilage_Risk
Groundnut,28.73,73.3,773.3,0.259,17.782,-0.256,0.926,0.656,0.7198,M10_H19,0.969,3.7513,High_Spoilage_Risk
Mustard_Seed,28.96,45.51,851.1,0.993,17.872,0.069,0.852,0.3276,0.3626,M06_H08,0.881,-1.8083,Moderate_Spoilage_Risk
Rice_Paddy,33.35,88.7,1512.1,4.419,29.284,0.826,0.901,0.9556,1.0,M10_H23,0.408,0.301,Critical_Spoilage
Garlic,6.54,66.26,550.1,1.631,-4.126,-0.769,0.824,0.0621,0.0443,M09_H04,0.804,-1.8724,Safe
Onion,-2,64.56,543.0,0.811,-8.59,0.822,0.822,0.1603,0.137,M12_H04,0.903,1.0093,Safe
Wheat,21.13,69.07,611.3,4.043,12.811,-0.698,0.866,0.3522,0.404,M12_H16,0.515,-1.4624,Moderate_Spoilage_Risk
Maize,38.1,50.44,1001.4,0.562,4.996,0.576,0.887,0.4669,0.4613,M01_H16,0.933,2.4932,Moderate_Spoilage_Risk
Sugarcane_Ratoon,21.63,76.0,412.0,4.002,0.178,0.626,0.991,0.1487,0.137,M07_H12,0.52,-1.4596,Safe
Groundnut,19.23,60.68,871.2,0.867,-15.692,0.468,0.962,0.1501,0.1587,M11_H02,0.896,1.5419,Low_Spoilage_Risk
Mustard_Seed,11.89,76.98,656.5,0.896,20.423,-0.118,0.933,0.485,0.4936,M09_H04,0.892,1.7243,Moderate_Spoilage_Risk
Onion,13.48,61.97,950.2,0.785,15.008,-0.52,0.883,0.2223,0.2378,M02_H10,0.906,0.9801,Low_Spoilage_Risk
Sugarcane_Ratoon,26.42,93.3,580.7,3.568,2.343,-0.854,0.68,0.5284,0.5748,M07_H00,0.434,2.5092,High_Spoilage_Risk
Sugarcane_Ratoon,9.66,61.73,537.9,2.47,-16.358,0.388,0.967,0.1431,0.137,M02_H17,0.704,-4.095,Safe
Potato,16.88,99,1006.5,3.918,4.243,0.243,0.616,0.7783,0.761,M08_H17,0.297,2.4383,Critical_Spoilage
Groundnut,6.02,46.51,646.1,3.751,-0.931,-0.402,0.85,0.2502,0.2728,M11_H04,0.55,2.7728,Low_Spoilage_Risk
Jute_Seed,23.75,75.82,780.2,1.575,6.124,0.059,0.834,0.4342,0.456,M09_H01,0.811,2.7628,Moderate_Spoilage_Risk
Maize,31.48,71.88,987.4,2.361,4.695,-0.607,0.946,0.4817,0.4982,M12_H06,0.717,2.0909,Moderate_Spoilage_Risk
Black_Gram,20.01,54.99,697.8,2.924,3.374,0.294,0.966,0.161,0.1615,M01_H00,0.649,-0.7222,Low_Spoilage_Risk
Lentil,29.8,35.42,894.6,0.784,4.832,0.22,0.945,0.3792,0.3865,M11_H04,0.906,-0.6018,Moderate_Spoilage_Risk
Sugarcane_Ratoon,17.31,73.51,496.4,2.961,1.263,0.316,0.948,0.1113,0.0863,M04_H10,0.645,1.0661,Safe
Jute_Seed,30.19,41.57,832.9,2.613,0.829,-1.277,0.867,0.2355,0.2297,M04_H05,0.686,-0.0513,Low_Spoilage_Risk
Potato,20.17,87.16,852.1,1.05,17.653,1.085,0.826,0.3343,0.3928,M08_H15,0.838,-0.9202,Moderate_Spoilage_Risk
Garlic,14.95,80.32,1398.2,3.458,6.012,0.616,0.745,0.7478,0.7883,M05_H17,0.585,-0.8235,Critical_Spoilage
Garlic,4.98,54.53,752.0,0.748,1.879,0.177,0.973,0.1096,0.1264,M12_H13,0.91,1.6821,Safe
Rice_Paddy,10.66,52.02,729.5,1.492,-4.922,-1.154,0.88,0.176,0.1675,M10_H01,0.821,3.3814,Low_Spoilage_Risk
Maize,35.23,55.04,989.1,1.995,12.999,-1.239,0.887,0.4504,0.4392,M01_H21,0.761,2.1245,Moderate_Spoilage_Risk
Soybean,32.98,63.05,551.1,1.56,12.594,-0.599,0.888,0.3215,0.3366,M10_H23,0.813,1.7311,Moderate_Spoilage_Risk
Soybean,25.95,58.81,662.8,0.138,-1.37,-0.437,0.95,0.0531,0.0952,M01_H21,0.983,0.843,Safe
Black_Gram,7.74,59.05,500.3,2.832,-0.584,-0.718,0.989,0.1436,0.1467,M09_H20,0.66,2.3832,Safe
Maize,21.14,59.82,382.0,0.914,-1.274,0.717,0.993,0.0354,0.0818,M11_H17,0.89,2.5474,Safe
Rice_Processed,24.7,63.01,461.5,4.267,-1.543,0.542,0.846,0.1628,0.2019,M01_H02,0.488,0.1339,Low_Spoilage_Risk
Rice_Processed,15.29,50.04,739.2,0.221,-16.649,-0.145,0.908,0.0389,0.061,M11_H10,0.973,-2.3749,Safe
Mustard_Seed,37.03,68.23,1249.6,1.088,18.646,1.547,0.862,0.8146,0.8905,M03_H17,0.869,7.6772,Critical_Spoilage
Black_Gram,27.01,45.26,700.7,1.096,12.018,-0.068,0.831,0.0771,0.1149,M11_H12,0.868,-1.1452,Safe
Mustard_Seed,18.32,67.17,894.7,4.07,-0.831,-0.02,0.868,0.5139,0.5209,M06_H18,0.512,-0.8826,High_Spoilage_Risk
Chickpea,12.56,66.44,836.4,2.38,8.882,0.973,0.962,0.2722,0.279,M05_H05,0.714,0.2965,Low_Spoilage_Risk
Chickpea,7.21,50.15,725.1,1.505,-8.551,-0.14,0.971,0.1465,0.177,M01_H02,0.819,-1.8176,Low_Spoilage_Risk
Groundnut,7.92,68.5,716.1,1.943,-2.833,0.757,0.926,0.3718,0.382,M03_H04,0.767,1.2829,Moderate_Spoilage_Risk
Lentil,11.79,54.76,778.5,0.425,-0.008,-0.656,0.898,0.0887,0.0826,M07_H18,0.949,3.8619,Safe
Onion,1.16,76.04,537.0,1.943,0.531,0.204,0.983,0.1351,0.1525,M02_H09,0.767,-1.3961,Safe
Black_Gram,12.66,56.64,545.2,3.08,-7.105,-0.647,0.982,0.121,0.1306,M08_H15,0.63,-0.8653,Safe
Potato,7.81,74.24,661.0,2.37,2.694,1.064,0.82,0.1326,0.1131,M01_H22,0.716,0.4155,Safe
Onion,8.44,78.16,892.7,2.377,-0.716,-1.264,0.941,0.245,0.2746,M02_H20,0.715,-0.3266,Low_Spoilage_Risk
Black_Gram,15.97,70.13,775.0,3.66,-13.732,0.097,0.924,0.4146,0.4578,M01_H23,0.561,-0.539,Moderate_Spoilage_Risk
Lentil,37.76,52.21,991.9,1.703,2.799,1.82,0.977,0.4317,0.4683,M07_H08,0.796,-0.2692,Moderate_Spoilage_Risk
Potato,19.48,80.89,752.7,4.058,7.592,-0.356,0.854,0.4565,0.4818,M02_H22,0.513,0.7591,Moderate_Spoilage_Risk
Wheat,6.93,61.62,643.6,4.743,-18.099,-0.954,0.954,0.2176,0.2337,M02_H23,0.431,-0.9174,Low_Spoilage_Risk
Chickpea,39.05,30.0,703.3,1.831,0.578,-0.287,0.985,0.4072,0.4446,M11_H11,0.78,2.2882,Moderate_Spoilage_Risk
Maize,19.7,61.19,594.1,1.245,1.782,-0.415,0.864,0.052,0.0952,M02_H08,0.851,2.9203,Safe
Soybean,13.19,75.46,1037.3,4.039,9.21,1.073,0.976,0.6987,0.7463,M09_H04,0.515,0.4811,Critical_Spoilage
Rice_Processed,27.05,79.27,922.7,4.3,11.741,1.079,0.822,0.6218,0.6902,M09_H15,0.484,2.7296,High_Spoilage_Risk
Mustard_Seed,23.2,58.01,745.8,4.057,-4.736,0.253,0.987,0.2197,0.2296,M01_H07,0.513,-2.8357,Low_Spoilage_Risk
Rice_Processed,13.1,53.54,832.9,1.87,-11.65,0.167,0.878,0.1563,0.1841,M08_H07,0.776,5.3783,Low_Spoilage_Risk
Wheat,14.15,58.15,784.1,1.88,-5.503,-1.774,0.895,0.1281,0.0999,M05_H22,0.774,-2.6958,Safe
Black_Gram,10.28,40.22,469.9,2.169,-11.094,-0.096,0.944,0.1434,0.1145,M06_H00,0.74,-0.1407,Safe
Black_Gram,21.42,64.5,507.2,4.806,2.975,0.171,0.919,0.1973,0.2379,M07_H13,0.423,2.3942,Low_Spoilage_Risk
Rice_Paddy,19.8,73.53,709.8,0.322,-8.04,0.587,0.905,0.1756,0.1993,M06_H17,0.961,1.7184,Low_Spoilage_Risk
Mustard_Seed,22.86,41.47,621.2,4.204,-16.715,-1.39,0.926,0.2292,0.2168,M01_H13,0.496,-1.0472,Low_Spoilage_Risk
Sugarcane_Ratoon,31.12,57.15,454.1,1.387,6.555,1.856,0.992,0.1221,0.1378,M07_H03,0.834,1.9055,Safe
Jute_Seed,43.23,86.09,1566.6,0.949,11.015,1.344,0.892,0.878,0.9087,M07_H13,0.868,4.2399,Critical_Spoilage
Rice_Paddy,15.65,77.16,1017.1,1.497,2.896,-0.398,0.899,0.4773,0.4725,M11_H15,0.82,1.6512,Moderate_Spoilage_Risk
Chickpea,15.31,33.97,761.5,4.424,10.87,0.383,0.937,0.2302,0.2829,M02_H02,0.469,-1.0052,Low_Spoilage_Risk
Black_Gram,10.33,66.14,530.4,1.947,8.584,0.143,0.84,0.2131,0.265,M03_H22,0.766,3.1318,Low_Spoilage_Risk
Potato,4.54,86.64,380.7,4.673,7.734,0.694,0.78,0.1519,0.1563,M02_H02,0.412,-1.1528,Low_Spoilage_Risk
Mustard_Seed,16.29,61.1,465.4,4.496,4.274,1.968,0.882,0.1864,0.1785,M06_H12,0.46,0.5429,Low_Spoilage_Risk
Rice_Paddy,27.47,80.2,792.4,0.664,-1.861,1.043,0.9,0.4639,0.5117,M08_H02,0.92,1.2516,Moderate_Spoilage_Risk
Rice_Processed,45.21,81.1,944.4,4.998,16.124,0.515,0.929,0.8895,0.9409,M06_H09,0.4,2.2659,Critical_Spoilage
Black_Gram,9.54,78.86,1119.3,4.118,5.469,0.598,0.889,0.7053,0.7166,M04_H00,0.506,1.1275,Critical_Spoilage
Rice_Paddy,10.36,63.06,682.8,4.362,3.063,-0.613,0.95,0.2055,0.2305,M11_H20,0.477,-2.1807,Low_Spoilage_Risk
Chickpea,21.38,66.96,477.3,1.885,-1.99,0.377,0.969,0.1925,0.1805,M04_H16,0.774,0.2376,Low_Spoilage_Risk
Onion,9.41,71.33,382.1,0.914,4.044,-0.85,0.883,0.041,0.0838,M09_H15,0.89,-1.7096,Safe
Rice_Processed,24.91,78.93,984.8,2.443,11.896,-1.106,0.85,0.5802,0.6246,M06_H05,0.707,3.0614,High_Spoilage_Risk
Black_Gram,22.96,74.28,731.6,3.278,-3.764,0.11,0.921,0.504,0.51,M10_H10,0.607,-0.6031,High_Spoilage_Risk
Rice_Processed,14.34,80.63,1217.6,2.525,-7.98,1.136,0.848,0.6596,0.7162,M09_H06,0.697,2.7942,High_Spoilage_Risk
Garlic,21.56,90.89,1313.3,3.79,11.935,0.314,0.655,0.9189,0.9771,M08_H23,0.447,5.5176,Critical_Spoilage
Black_Gram,39.67,75.98,1285.5,3.159,30.591,0.03,0.981,0.9069,0.9869,M05_H16,0.621,5.6185,Critical_Spoilage
Sugarcane_Ratoon,39.65,68.59,1188.6,0.279,-9.849,-0.697,0.909,0.3957,0.3928,M11_H01,0.967,2.7152,Moderate_Spoilage_Risk
Potato,4.18,76.02,744.8,0.343,-11.01,1.048,0.984,0.0738,0.1101,M01_H15,0.959,-1.3197,Safe
Wheat,8.81,46.19,531.9,4.196,-3.615,-0.809,0.918,0.1948,0.2486,M02_H15,0.496,2.2028,Low_Spoilage_Risk
Black_Gram,32.53,82.69,1345.7,0.833,7.006,-1.076,0.812,0.8681,0.8713,M06_H05,0.9,2.5115,Critical_Spoilage
Garlic,-1.63,59.39,667.0,2.282,-3.499,-0.066,0.958,0.2354,0.2316,M10_H06,0.726,1.5689,Low_Spoilage_Risk
Soybean,10.83,82.44,884.6,1.448,23.095,0.692,0.731,0.5402,0.5974,M07_H15,0.826,2.7706,High_Spoilage_Risk
Chickpea,7.3,36.71,715.2,1.266,-3.931,-1.187,0.844,0.1704,0.1863,M03_H21,0.848,-0.2484,Low_Spoilage_Risk
Rice_Processed,30.01,68.72,483.4,0.226,0.095,0.341,0.835,0.0519,0.0531,M06_H00,0.973,1.5334,Safe
Soybean,14.19,52.41,693.1,0.562,7.292,-0.695,0.943,0.0613,0.0578,M11_H18,0.933,-0.3035,Safe
Soybean,21.28,40.97,405.9,4.154,0.233,-0.136,0.855,0.197,0.2063,M04_H00,0.502,-1.5805,Low_Spoilage_Risk
Rice_Processed,24.51,71.92,498.0,3.052,7.188,-0.497,0.877,0.2884,0.3123,M04_H08,0.634,1.783,Moderate_Spoilage_Risk
Lentil,8.04,35.72,437.2,4.365,-7.222,-0.707,0.956,0.2164,0.1879,M11_H22,0.476,-0.0065,Low_Spoilage_Risk
Groundnut,31.21,54.02,752.2,3.341,16.499,-1.054,0.828,0.4526,0.5093,M04_H01,0.599,5.1179,Moderate_Spoilage_Risk
Mustard_Seed,13.04,60.03,788.3,1.445,3.948,-1.453,0.932,0.1195,0.1122,M03_H02,0.827,-1.4706,Safe
Maize,13.55,77.03,987.7,1.511,-1.95,0.25,0.999,0.4829,0.5142,M11_H15,0.819,2.3805,High_Spoilage_Risk
Wheat,29.77,53.6,894.8,1.791,-0.423,-0.841,0.841,0.3934,0.3953,M07_H12,0.785,-1.9806,Moderate_Spoilage_Risk
Rice_Paddy,24.7,65.04,748.5,1.797,-8.759,0.218,0.917,0.1397,0.167,M07_H11,0.784,-1.3322,Low_Spoilage_Risk
Black_Gram,28.8,42.99,626.4,1.413,-7.043,0.503,0.897,0.1653,0.2183,M12_H22,0.83,5.5463,Low_Spoilage_Risk
Wheat,33.76,68.24,989.9,1.148,-2.751,0.288,0.866,0.5764,0.5839,M06_H13,0.862,-3.0515,High_Spoilage_Risk
Sugarcane_Ratoon,19.91,99,1547.6,4.873,0.624,-0.389,0.8,0.7426,0.7661,M06_H22,0.182,4.4641,Critical_Spoilage
Potato,15.34,79.72,1059.3,1.968,7.911,0.54,0.936,0.349,0.4084,M10_H15,0.764,0.9561,Moderate_Spoilage_Risk
Jute_Seed,34.7,68.02,1028.3,2.734,18.714,1.322,0.829,0.4779,0.474,M12_H13,0.672,1.0235,Moderate_Spoilage_Risk
Maize,22.06,72.98,826.8,4.911,-1.443,-0.482,0.924,0.3696,0.3889,M04_H20,0.411,-0.7542,Moderate_Spoilage_Risk
Groundnut,10.81,47.19,705.0,2.923,2.66,-0.25,0.892,0.1918,0.2131,M04_H02,0.649,3.9832,Low_Spoilage_Risk
Black_Gram,10.69,57.87,404.7,3.095,0.692,0.514,0.965,0.1368,0.1261,M05_H23,0.629,-0.8494,Safe
Chickpea,29.86,74.24,746.0,1.486,13.976,-0.845,0.93,0.5802,0.6013,M09_H09,0.822,0.3559,High_Spoilage_Risk
Wheat,24.32,55.22,532.0,3.482,1.295,0.912,0.822,0.1232,0.1079,M08_H21,0.582,-1.7604,Safe
Jute_Seed,17.97,55.62,596.5,0.558,-8.986,-1.121,0.982,0.0304,0.0091,M05_H12,0.933,0.6103,Safe
Potato,13.87,98.26,794.5,2.801,3.988,0.295,0.848,0.6103,0.6524,M11_H01,0.443,0.2599,High_Spoilage_Risk
Wheat,26.27,60.55,542.3,3.116,-6.862,0.177,0.963,0.1953,0.244,M10_H20,0.626,1.3812,Low_Spoilage_Risk
Sugarcane_Ratoon,40.6,67.76,1371.0,2.131,7.291,0.677,0.865,0.5252,0.5537,M10_H18,0.744,-1.9389,High_Spoilage_Risk
Mustard_Seed,14.61,45.75,535.7,1.525,-6.127,0.629,0.839,0.0532,0.0547,M07_H20,0.817,2.1649,Safe
Soybean,30.63,49.5,1065.9,2.052,10.332,0.621,0.992,0.4819,0.4941,M02_H14,0.754,0.1014,Moderate_Spoilage_Risk
Chickpea,31.32,55.67,494.0,0.34,-3.777,1.253,0.834,0.2381,0.2916,M05_H10,0.959,0.7104,Low_Spoilage_Risk
Groundnut,33.13,47.58,882.2,1.0,9.222,-0.691,0.957,0.4379,0.4585,M12_H00,0.88,1.2825,Moderate_Spoilage_Risk
Groundnut,41.1,67.21,893.6,4.623,14.617,0.261,0.917,0.6721,0.7123,M05_H16,0.445,2.3649,High_Spoilage_Risk
Black_Gram,29.47,70.66,635.9,1.477,-5.997,1.1,0.908,0.4034,0.461,M04_H06,0.823,2.7035,Moderate_Spoilage_Risk
Jute_Seed,24.28,73.54,607.4,4.041,7.293,1.379,0.838,0.4129,0.464,M11_H05,0.515,-1.6987,Moderate_Spoilage_Risk
Maize,10.87,49.11,716.6,3.881,8.177,-0.416,0.936,0.2176,0.2794,M08_H23,0.534,2.6844,Low_Spoilage_Risk
Mustard_Seed,16.37,54.52,429.3,3.21,-7.311,0.818,0.95,0.117,0.1256,M04_H08,0.615,1.2751,Safe
Chickpea,26.73,65.79,681.9,4.954,-1.888,0.312,0.924,0.2911,0.3069,M03_H12,0.406,-0.0717,Moderate_Spoilage_Risk
Groundnut,38.85,63.53,834.0,1.686,2.193,-0.255,0.954,0.4242,0.4662,M05_H01,0.798,-0.3867,Moderate_Spoilage_Risk
Potato,19.27,99,878.2,3.624,10.997,0.862,0.813,0.832,0.8337,M10_H20,0.332,0.9783,Critical_Spoilage
Sugarcane_Ratoon,40.81,54.11,1165.8,3.94,8.923,-0.372,0.967,0.5608,0.574,M06_H00,0.527,1.529,High_Spoilage_Risk
Jute_Seed,22.55,71.55,499.4,2.197,0.559,1.899,0.998,0.2856,0.3284,M06_H21,0.736,-1.2743,Moderate_Spoilage_Risk
Sugarcane_Ratoon,30.47,74.99,653.2,1.442,-0.192,-0.386,0.948,0.0825,0.1071,M09_H06,0.827,0.6464,Safe
Lentil,31.68,34.07,942.6,1.105,5.61,-0.397,0.978,0.4231,0.3978,M03_H23,0.867,-1.008,Moderate_Spoilage_Risk
Rice_Processed,20.97,51.92,718.2,1.016,1.427,0.853,0.92,0.059,0.0766,M10_H06,0.878,-1.5165,Safe
Mustard_Seed,8.91,68.03,646.9,1.02,-12.352,-0.075,0.88,0.3858,0.3933,M01_H10,0.878,-1.5296,Moderate_Spoilage_Risk
Groundnut,31.74,58.85,916.3,3.918,5.65,-0.056,0.923,0.5451,0.5317,M08_H11,0.53,1.4509,High_Spoilage_Risk
Onion,-0.74,56.88,625.1,4.939,-18.469,0.404,0.969,0.271,0.2908,M12_H01,0.407,-1.3528,Low_Spoilage_Risk
Soybean,31.02,52.11,620.3,0.76,0.65,0.51,0.976,0.2565,0.3058,M07_H23,0.909,-2.1426,Low_Spoilage_Risk
Maize,3.6,71.64,551.4,2.798,-3.219,-0.13,0.83,0.2675,0.2626,M11_H01,0.664,-0.437,Low_Spoilage_Risk
Black_Gram,13.31,69.81,943.2,2.634,9.739,-0.351,0.949,0.3932,0.3796,M11_H04,0.684,1.8163,Moderate_Spoilage_Risk
Rice_Paddy,20.01,73.54,750.9,1.514,-5.355,0.986,0.946,0.257,0.2746,M05_H04,0.818,2.5057,Low_Spoilage_Risk
Jute_Seed,38.91,71.28,731.2,0.824,21.444,-1.14,0.996,0.5159,0.5179,M12_H02,0.901,2.9897,High_Spoilage_Risk
Groundnut,21.02,72.0,461.5,2.89,-7.976,0.613,0.993,0.5069,0.4978,M06_H19,0.653,-1.8552,High_Spoilage_Risk
Onion,7.24,86.34,1055.7,0.475,5.27,1.254,0.874,0.5138,0.5134,M03_H16,0.921,-0.6027,High_Spoilage_Risk
Jute_Seed,19.16,62.72,451.4,1.95,-14.41,1.611,0.823,0.0906,0.0696,M02_H01,0.766,2.5817,Safe
Mustard_Seed,27.28,41.74,587.8,2.44,5.869,0.322,0.861,0.2851,0.2628,M03_H08,0.707,-3.706,Low_Spoilage_Risk
Rice_Processed,34.08,63.48,904.7,4.223,-2.392,1.512,0.825,0.3412,0.3775,M06_H17,0.493,1.4153,Moderate_Spoilage_Risk
Lentil,26.25,60.58,526.7,1.934,1.346,-1.141,0.956,0.1489,0.1433,M07_H06,0.768,2.6729,Safe
Jute_Seed,40.54,60.54,704.1,1.302,15.754,0.167,0.846,0.3321,0.3239,M09_H11,0.844,3.2874,Moderate_Spoilage_Risk
Garlic,6.72,64.98,376.4,4.851,1.878,-1.225,0.971,0.1424,0.1534,M03_H03,0.418,1.9868,Safe
Groundnut,18.69,67.94,446.4,2.34,1.263,0.319,0.851,0.3004,0.3016,M08_H13,0.719,-2.6919,Moderate_Spoilage_Risk
Potato,13.69,77.35,609.0,3.635,-11.523,0.494,0.841,0.2293,0.2243,M01_H00,0.564,4.3094,Low_Spoilage_Risk
Rice_Processed,29.46,57.29,684.2,3.946,2.626,-1.334,0.927,0.1617,0.2116,M12_H18,0.526,-2.2304,Low_Spoilage_Risk
Black_Gram,30.05,66.44,480.4,4.848,4.381,0.173,0.923,0.397,0.4197,M06_H03,0.418,-1.3236,Moderate_Spoilage_Risk
Rice_Paddy,24.03,53.56,897.9,2.387,3.803,-0.646,0.902,0.2264,0.2514,M03_H10,0.714,1.6877,Low_Spoilage_Risk
Black_Gram,24.41,51.28,653.2,4.464,-3.559,0.98,0.853,0.1654,0.1781,M10_H21,0.464,0.0149,Low_Spoilage_Risk
Jute_Seed,27.62,66.55,858.3,4.231,1.606,-0.09,0.845,0.2907,0.3329,M01_H12,0.492,0.7624,Moderate_Spoilage_Risk
Potato,15.18,75.79,710.2,2.066,13.297,0.494,0.969,0.224,0.2352,M11_H17,0.752,-0.3187,Low_Spoilage_Risk
Wheat,10.73,62.8,567.2,2.776,-3.599,-1.484,0.922,0.1241,0.1155,M10_H00,0.667,4.1051,Safe
Mustard_Seed,29.95,52.33,516.1,3.246,16.846,1.532,0.908,0.3671,0.3856,M07_H21,0.61,2.5828,Moderate_Spoilage_Risk
Rice_Processed,27.38,51.9,630.6,4.004,-7.082,-1.16,0.895,0.1737,0.2041,M11_H23,0.52,1.876,Low_Spoilage_Risk
Mustard_Seed,30.93,45.81,1016.5,0.88,-16.993,0.482,0.942,0.419,0.4756,M03_H14,0.894,1.3029,Moderate_Spoilage_Risk
Maize,26.06,73.47,471.4,3.523,15.636,0.567,0.917,0.2951,0.2962,M10_H23,0.577,2.6102,Low_Spoilage_Risk
Groundnut,33.82,64.62,859.5,1.573,2.44,-0.594,0.965,0.439,0.4514,M03_H07,0.811,1.508,Moderate_Spoilage_Risk
Onion,7.96,72.78,445.0,1.551,-11.447,0.466,0.949,0.0595,0.0485,M05_H12,0.814,2.4873,Safe
Mustard_Seed,29.4,38.54,641.7,2.113,10.191,-0.282,0.971,0.3746,0.3885,M04_H16,0.746,4.4717,Moderate_Spoilage_Risk
Black_Gram,29.79,58.99,764.3,0.765,-5.337,0.197,0.939,0.2027,0.2225,M03_H10,0.908,1.4661,Low_Spoilage_Risk
Garlic,6.1,69.23,482.0,4.443,4.639,-1.12,0.976,0.1539,0.1818,M09_H03,0.467,-1.6377,Low_Spoilage_Risk
Chickpea,12.56,62.37,382.9,0.307,5.221,0.867,0.914,0.01,0.0313,M01_H16,0.963,5.7369,Safe
Soybean,5.01,45.09,852.2,3.547,-13.774,-0.733,0.871,0.3205,0.3257,M12_H05,0.574,0.4869,Moderate_Spoilage_Risk
Soybean,13.44,61.2,446.8,2.343,2.14,-1.145,0.991,0.1035,0.1188,M07_H15,0.719,-3.6822,Safe
Garlic,0.18,59.55,456.8,2.034,8.789,0.686,0.888,0.2267,0.2546,M05_H01,0.756,-4.8671,Low_Spoilage_Risk
Onion,20.72,61.84,977.1,4.768,17.901,-1.854,0.912,0.4741,0.5281,M03_H05,0.428,5.0598,High_Spoilage_Risk
Jute_Seed,38.03,39.36,629.3,3.444,19.893,0.987,0.992,0.435,0.4479,M01_H18,0.587,2.4026,Moderate_Spoilage_Risk
Potato,16.46,78.85,1061.6,3.972,13.48,-0.664,0.828,0.4538,0.4897,M01_H08,0.523,1.4598,Moderate_Spoilage_Risk
Groundnut,17.33,71.38,1037.6,1.672,5.053,0.483,0.875,0.6212,0.6337,M04_H02,0.799,0.807,High_Spoilage_Risk
Garlic,5.59,77.83,581.9,4.361,0.413,0.64,0.853,0.3941,0.42,M06_H23,0.477,0.8343,Moderate_Spoilage_Risk
Sugarcane_Ratoon,16.76,60.51,721.3,1.95,-3.546,0.284,0.96,0.1004,0.0776,M07_H04,0.766,0.919,Safe
Rice_Processed,27.2,83.7,961.1,3.127,20.474,0.237,0.824,0.6209,0.6818,M09_H08,0.625,5.0017,High_Spoilage_Risk
Groundnut,26.55,44.94,836.1,0.952,4.058,0.172,0.943,0.236,0.2712,M03_H04,0.886,-3.0488,Low_Spoilage_Risk
Mustard_Seed,22.57,41.19,482.8,3.677,3.838,-0.398,0.903,0.1907,0.2133,M12_H03,0.559,2.988,Low_Spoilage_Risk
Mustard_Seed,12.42,58.46,745.4,2.378,-9.94,1.057,0.838,0.1637,0.2025,M01_H08,0.715,1.5107,Low_Spoilage_Risk
Garlic,21.6,84.07,1678.6,4.026,11.809,1.002,0.914,0.9556,0.9587,M08_H01,0.517,3.7844,Critical_Spoilage
Garlic,7.81,70.07,880.2,2.138,3.159,0.397,0.998,0.1774,0.2234,M09_H19,0.743,1.041,Low_Spoilage_Risk
Wheat,32.21,53.09,734.3,4.482,4.094,-0.232,0.943,0.468,0.4981,M11_H23,0.462,5.776,Moderate_Spoilage_Risk
Mustard_Seed,17.88,54.91,598.9,2.982,0.397,-0.123,0.922,0.1541,0.1707,M10_H18,0.642,-0.5355,Low_Spoilage_Risk
Maize,13.79,66.35,779.5,0.681,5.503,0.891,0.858,0.1039,0.1128,M08_H19,0.918,-0.6506,Safe
Black_Gram,36.58,52.0,815.0,3.346,16.36,-0.213,0.83,0.4519,0.4394,M04_H17,0.598,1.7244,Moderate_Spoilage_Risk
Wheat,36.19,49.22,1323.7,3.383,13.458,0.205,0.823,0.6342,0.66,M04_H17,0.594,2.0686,High_Spoilage_Risk
Wheat,21.34,58.55,840.1,3.461,2.016,-1.175,0.974,0.2075,0.2455,M12_H11,0.585,0.8488,Low_Spoilage_Risk
Mustard_Seed,30.87,62.04,653.9,3.479,2.194,0.13,0.836,0.4905,0.5291,M04_H07,0.583,-0.9749,High_Spoilage_Risk
Onion,0.3,66.43,629.1,4.62,-4.969,-0.009,0.993,0.2306,0.2036,M09_H02,0.446,0.0922,Low_Spoilage_Risk
Jute_Seed,9.81,57.06,524.0,0.292,-13.363,-0.529,0.956,0.0297,0.0136,M02_H05,0.965,1.3121,Safe
Jute_Seed,15.24,52.42,848.6,2.868,-1.858,-1.302,0.828,0.1823,0.2278,M05_H06,0.656,-1.378,Low_Spoilage_Risk
Wheat,19.33,58.8,618.5,3.711,-10.932,0.316,0.871,0.1808,0.2251,M02_H08,0.555,0.3633,Low_Spoilage_Risk
Sugarcane_Ratoon,27.68,58.67,767.2,0.835,10.456,1.199,0.952,0.1078,0.0923,M01_H10,0.9,0.4016,Safe
Mustard_Seed,34.51,73.79,917.1,1.643,28.964,0.247,0.894,0.7942,0.828,M10_H09,0.803,-2.0844,Critical_Spoilage
Groundnut,9.94,63.38,796.2,3.986,1.763,0.142,0.87,0.238,0.2216,M02_H20,0.522,-1.6704,Low_Spoilage_Risk
Jute_Seed,29.8,53.78,706.0,3.668,19.0,0.288,0.845,0.1846,0.1936,M09_H21,0.56,1.8174,Low_Spoilage_Risk
Onion,-0.42,69.92,434.9,2.136,-12.09,0.451,0.905,0.1988,0.1792,M08_H04,0.744,-3.4663,Low_Spoilage_Risk
Wheat,18.62,75.92,885.1,3.485,0.953,0.189,0.959,0.6232,0.6339,M03_H08,0.582,0.0171,High_Spoilage_Risk
Black_Gram,9.93,50.86,790.0,1.444,-8.585,0.798,0.865,0.1261,0.1152,M11_H10,0.827,0.6279,Safe
Soybean,20.6,78.5,625.5,2.701,8.645,0.657,0.987,0.5237,0.5462,M08_H22,0.676,0.0518,High_Spoilage_Risk
Garlic,-0.63,73.73,965.1,0.179,4.51,1.48,0.825,0.309,0.3055,M08_H00,0.979,2.5588,Moderate_Spoilage_Risk
Garlic,8.64,73.64,602.1,2.48,-3.491,-0.072,0.946,0.2118,0.2367,M07_H08,0.702,5.3841,Low_Spoilage_Risk
Wheat,32.19,59.18,952.7,3.685,7.74,-0.257,0.892,0.5238,0.5349,M10_H21,0.558,-0.6706,High_Spoilage_Risk
Soybean,4.35,66.58,572.0,3.039,-8.618,0.927,1.0,0.2661,0.2481,M12_H22,0.635,0.1917,Low_Spoilage_Risk
Black_Gram,15.76,31.06,409.1,0.949,-5.452,-1.395,0.982,0.063,0.0506,M11_H19,0.886,1.9775,Safe
Soybean,11.43,38.78,526.4,0.466,5.453,0.343,0.971,0.0758,0.0603,M12_H10,0.944,0.8951,Safe
Groundnut,21.17,52.54,455.9,3.619,-2.077,-0.077,0.948,0.1296,0.1386,M05_H16,0.566,0.7567,Safe
Mustard_Seed,39.37,39.13,1123.3,0.82,9.488,-0.172,0.943,0.482,0.5111,M03_H08,0.902,2.3377,Moderate_Spoilage_Risk
Soybean,36.41,59.35,1187.1,2.609,9.062,-0.366,0.996,0.5264,0.5664,M07_H16,0.687,6.776,High_Spoilage_Risk
Sugarcane_Ratoon,27.89,50.87,487.6,3.065,-10.949,0.221,0.995,0.1448,0.1403,M05_H14,0.632,0.0555,Safe
Garlic,21.26,87.63,1659.2,2.986,29.933,0.514,0.936,0.8937,0.9435,M08_H20,0.598,6.6184,Critical_Spoilage
Rice_Processed,43.59,74.15,1209.7,3.172,14.346,0.48,0.858,0.7814,0.845,M06_H16,0.619,5.1603,Critical_Spoilage
Groundnut,30.98,38.41,887.3,2.682,2.737,0.217,0.928,0.4963,0.5139,M12_H06,0.678,1.7924,High_Spoilage_Risk
Jute_Seed,14.83,57.74,403.4,2.925,-4.859,0.245,0.998,0.1373,0.1684,M09_H02,0.649,-0.5439,Low_Spoilage_Risk
Garlic,13.82,72.78,759.7,0.231,10.053,-0.275,0.931,0.2106,0.2272,M10_H22,0.972,1.6467,Low_Spoilage_Risk
Rice_Processed,19.57,60.2,517.8,3.461,-8.101,-0.404,0.968,0.1197,0.1075,M12_H18,0.585,1.7559,Safe
Maize,18.43,65.18,698.5,0.458,-5.451,-0.092,0.884,0.0508,0.0806,M06_H22,0.945,2.0484,Safe
Rice_Processed,17.86,82.22,997.1,3.994,9.154,0.691,0.865,0.6407,0.675,M08_H19,0.521,0.2769,High_Spoilage_Risk
Sugarcane_Ratoon,47.4,59.73,1772.2,3.296,24.356,0.703,0.837,0.6387,0.6782,M04_H09,0.604,-2.5884,High_Spoilage_Risk
Potato,11.22,94.51,728.7,4.494,7.636,0.157,0.546,0.1739,0.2214,M01_H11,0.302,3.3557,Low_Spoilage_Risk
Jute_Seed,33.76,62.03,917.7,1.985,8.074,-0.731,0.924,0.2976,0.3327,M04_H12,0.762,-0.5184,Moderate_Spoilage_Risk
Groundnut,37.98,63.37,1204.7,4.745,18.669,0.753,0.879,0.5889,0.59,M02_H11,0.431,1.0456,High_Spoilage_Risk
Rice_Processed,41.09,78.48,1184.8,1.682,13.84,1.334,0.962,0.8782,0.9405,M06_H02,0.798,5.1943,Critical_Spoilage
Sugarcane_Ratoon,40.19,60.68,884.5,3.743,-7.626,0.465,0.834,0.4508,0.4763,M03_H04,0.551,2.5816,Moderate_Spoilage_Risk
Lentil,27.34,69.19,957.4,4.941,-2.781,0.48,0.848,0.6121,0.6571,M07_H16,0.407,4.072,High_Spoilage_Risk
Wheat,30.05,62.44,875.0,0.355,-6.671,0.73,0.905,0.3592,0.3464,M02_H06,0.957,1.9207,Moderate_Spoilage_Risk
Rice_Processed,21.03,48.62,773.7,0.422,-5.043,-0.787,0.922,0.0903,0.1317,M07_H23,0.949,0.4646,Safe
Groundnut,32.34,77.35,1518.7,1.345,22.581,-0.424,0.852,0.9212,0.9851,M06_H17,0.839,2.2986,Critical_Spoilage
Sugarcane_Ratoon,27.73,65.07,710.6,0.111,-3.85,0.208,0.954,0.0307,0.0664,M02_H22,0.987,-0.0672,Safe
Black_Gram,37.02,51.83,730.1,4.194,8.369,-1.021,0.836,0.4501,0.4409,M01_H23,0.497,4.2162,Moderate_Spoilage_Risk
Sugarcane_Ratoon,19.2,87.24,1098.6,1.738,-2.1,-0.422,0.757,0.4252,0.4482,M01_H05,0.754,-0.2659,Moderate_Spoilage_Risk
Lentil,24.95,72.4,686.6,3.989,10.833,0.76,0.919,0.5041,0.5298,M04_H08,0.521,4.5618,High_Spoilage_Risk
Potato,24.75,87.7,1114.5,4.933,19.458,1.056,0.885,0.5416,0.5448,M11_H16,0.363,0.8491,High_Spoilage_Risk
Onion,10.26,76.42,831.6,2.137,-2.319,-1.15,0.917,0.1672,0.1814,M05_H13,0.744,-1.7285,Low_Spoilage_Risk
Groundnut,16.33,39.77,754.7,3.856,-6.162,-0.445,0.826,0.2651,0.2808,M02_H09,0.537,-0.4989,Low_Spoilage_Risk
Lentil,36.79,51.54,747.4,2.484,7.39,-0.84,0.994,0.384,0.443,M01_H15,0.702,2.6883,Moderate_Spoilage_Risk
Rice_Paddy,24.8,66.15,572.4,2.685,-4.46,1.441,0.964,0.0929,0.0933,M06_H21,0.678,-0.7752,Safe
Maize,34.4,53.11,1055.3,0.538,-3.519,-0.79,0.881,0.4501,0.4737,M03_H16,0.935,-2.274,Moderate_Spoilage_Risk
Maize,22.77,71.64,497.6,3.4,10.087,1.002,0.913,0.202,0.2556,M02_H06,0.592,2.2506,Low_Spoilage_Risk
Soybean,23.21,44.36,649.5,2.413,2.122,0.331,0.911,0.1581,0.183,M12_H06,0.71,0.2015,Low_Spoilage_Risk
Wheat,27.69,55.36,711.7,2.867,-19.228,-1.603,0.919,0.2968,0.2811,M07_H11,0.656,-0.7206,Low_Spoilage_Risk
Onion,8.7,67.39,539.7,4.36,-16.039,0.028,0.849,0.1624,0.1797,M02_H16,0.477,-1.8268,Low_Spoilage_Risk
Rice_Processed,34.22,73.0,1068.2,4.948,6.473,-0.573,0.984,0.5991,0.6041,M04_H20,0.406,-1.1508,High_Spoilage_Risk
Jute_Seed,16.34,52.01,423.9,2.787,-12.851,1.047,0.885,0.1048,0.1001,M07_H12,0.666,1.1515,Safe
Potato,9.9,81.78,926.6,3.46,-0.976,-0.044,0.795,0.2507,0.2895,M02_H21,0.585,-2.2499,Low_Spoilage_Risk
Jute_Seed,42.67,56.73,954.5,0.588,-2.169,0.299,0.934,0.3875,0.4266,M11_H12,0.929,-0.5586,Moderate_Spoilage_Risk
Sugarcane_Ratoon,11.04,67.91,438.4,1.727,-2.769,1.08,0.845,0.1105,0.1567,M09_H04,0.793,-1.3074,Safe
Lentil,22.49,35.2,458.1,0.276,-1.805,0.923,0.979,0.0514,0.0925,M05_H15,0.967,-0.4794,Safe
Lentil,13.46,57.17,809.0,4.646,-7.416,0.337,0.864,0.228,0.2249,M08_H00,0.442,-1.3254,Low_Spoilage_Risk
Groundnut,24.73,45.24,760.1,0.765,3.005,1.424,0.9,0.1344,0.1968,M06_H10,0.908,-1.1525,Low_Spoilage_Risk
Chickpea,39.19,39.99,917.0,0.642,1.74,-1.289,0.964,0.4014,0.3769,M04_H08,0.923,0.4665,Moderate_Spoilage_Risk
Jute_Seed,43.92,50.59,975.7,4.664,-5.455,-0.168,0.928,0.516,0.5019,M06_H11,0.44,1.8458,High_Spoilage_Risk
Mustard_Seed,4.89,59.28,469.6,4.391,-16.558,-0.312,0.93,0.1863,0.2116,M08_H23,0.473,4.0413,Low_Spoilage_Risk
Onion,26.14,73.06,776.0,3.205,4.341,-0.392,0.915,0.4166,0.4376,M03_H15,0.615,0.1848,Moderate_Spoilage_Risk
Chickpea,31.01,68.46,637.3,4.91,16.195,0.882,0.994,0.5523,0.6217,M05_H12,0.411,3.1638,High_Spoilage_Risk
Garlic,1.62,71.54,897.2,4.991,11.905,0.199,0.976,0.3017,0.3219,M05_H00,0.401,2.0711,Moderate_Spoilage_Risk
Onion,16.54,65.74,507.5,4.3,5.85,0.316,0.943,0.2494,0.3025,M08_H12,0.484,2.2216,Low_Spoilage_Risk
Onion,-2,61.79,724.8,2.706,-1.888,-0.375,0.985,0.2719,0.3108,M02_H06,0.675,-0.51,Low_Spoilage_Risk
Groundnut,15.11,57.7,847.6,2.175,-0.751,0.43,0.889,0.1914,0.1688,M11_H05,0.739,-0.8311,Low_Spoilage_Risk
Chickpea,32.99,76.58,1371.3,1.339,-2.62,0.186,0.867,0.8771,0.9403,M09_H05,0.839,5.0787,Critical_Spoilage
Black_Gram,21.52,64.96,482.1,2.865,-5.895,0.613,0.959,0.173,0.1981,M03_H13,0.656,1.2241,Low_Spoilage_Risk
Sugarcane_Ratoon,33.82,61.22,452.9,3.489,-0.034,-0.37,0.936,0.2515,0.2525,M05_H07,0.581,3.0913,Low_Spoilage_Risk
Soybean,36.72,43.29,809.1,0.846,7.137,-0.063,0.825,0.4034,0.4205,M05_H20,0.898,1.9495,Moderate_Spoilage_Risk
Wheat,11.57,85.35,1061.0,2.586,11.081,0.275,0.924,0.6653,0.7055,M08_H04,0.684,0.6978,High_Spoilage_Risk
Maize,6.93,73.86,839.7,0.41,3.381,0.036,0.95,0.2836,0.3033,M04_H02,0.951,1.896,Low_Spoilage_Risk
Chickpea,34.78,49.24,825.0,4.943,3.039,0.992,0.863,0.4691,0.5356,M12_H05,0.407,4.369,High_Spoilage_Risk
Sugarcane_Ratoon,21.17,68.16,598.1,4.076,5.646,-0.483,0.978,0.16,0.1648,M10_H04,0.511,-0.4546,Low_Spoilage_Risk
Onion,0.24,77.37,538.8,2.738,6.468,0.221,0.923,0.2874,0.2799,M01_H20,0.671,-0.2432,Low_Spoilage_Risk
Black_Gram,25.94,40.93,677.4,3.261,7.898,0.151,0.972,0.2229,0.2231,M11_H02,0.609,2.9936,Low_Spoilage_Risk
Potato,21.53,92.82,856.3,1.949,21.004,1.152,0.731,0.3805,0.3854,M03_H15,0.636,-2.1859,Moderate_Spoilage_Risk
Garlic,4.9,67.94,813.8,2.332,-2.238,0.27,0.847,0.133,0.1704,M09_H08,0.72,2.1494,Low_Spoilage_Risk
Black_Gram,10.17,67.27,465.7,3.536,2.92,-0.677,0.833,0.2951,0.3079,M08_H23,0.576,2.7417,Moderate_Spoilage_Risk
Chickpea,15.98,59.41,505.4,3.884,4.891,-0.675,0.992,0.1656,0.1501,M10_H12,0.534,1.0357,Low_Spoilage_Risk
Sugarcane_Ratoon,19.35,86.34,1079.1,3.408,10.802,0.013,0.739,0.4853,0.54,M05_H20,0.569,3.2542,High_Spoilage_Risk
Wheat,30.27,80.98,742.8,2.72,22.377,0.851,0.815,0.8234,0.8723,M06_H10,0.674,2.1016,Critical_Spoilage
Rice_Processed,38.2,83.25,1097.9,3.89,15.709,1.137,0.948,0.9239,0.9469,M07_H07,0.533,2.9141,Critical_Spoilage
Potato,6.35,98.48,445.3,2.221,5.952,-0.364,0.817,0.4846,0.4895,M12_H18,0.509,0.2563,Moderate_Spoilage_Risk
Rice_Processed,29.45,68.47,541.0,1.571,10.023,0.162,0.973,0.0876,0.1187,M04_H16,0.811,-0.8721,Safe
Potato,18.61,85.39,549.1,0.671,15.584,-0.872,0.817,0.25,0.2396,M07_H13,0.913,1.6362,Low_Spoilage_Risk
Lentil,30.0,40.19,668.3,0.967,4.148,-1.441,0.959,0.3238,0.3675,M09_H06,0.884,2.075,Moderate_Spoilage_Risk
Chickpea,11.07,67.93,672.1,0.115,-1.294,-0.204,0.886,0.2095,0.1902,M05_H23,0.986,-0.3631,Low_Spoilage_Risk
Mustard_Seed,31.55,75.5,791.8,0.174,39.024,1.119,0.835,0.7122,0.7562,M09_H08,0.979,-2.2516,Critical_Spoilage
Rice_Paddy,27.47,75.04,668.0,3.027,-1.863,1.08,0.841,0.3318,0.3798,M03_H02,0.637,-2.7102,Moderate_Spoilage_Risk
Black_Gram,34.91,53.82,721.8,1.166,-9.597,-1.172,0.904,0.3446,0.3575,M08_H04,0.86,-0.033,Moderate_Spoilage_Risk
Chickpea,30.41,54.57,821.6,0.518,-9.155,0.478,0.975,0.2566,0.3047,M09_H15,0.938,-0.4447,Low_Spoilage_Risk
Maize,12.07,78.9,762.1,1.599,5.768,1.094,0.988,0.4883,0.5075,M10_H20,0.808,-0.7856,Moderate_Spoilage_Risk
Potato,7.1,96.05,443.1,4.563,6.563,-1.145,0.724,0.3797,0.3553,M02_H12,0.268,0.0781,Moderate_Spoilage_Risk
Lentil,41.73,59.71,1406.0,2.316,22.093,1.038,0.845,0.5324,0.6047,M08_H10,0.722,1.841,High_Spoilage_Risk
Rice_Paddy,19.58,60.95,708.0,3.852,-14.131,-0.15,0.871,0.1776,0.1732,M08_H05,0.538,-0.1236,Low_Spoilage_Risk
Black_Gram,29.43,65.71,915.1,1.735,13.132,0.259,0.878,0.3623,0.4303,M10_H19,0.792,3.2448,Moderate_Spoilage_Risk
Soybean,31.72,57.1,505.8,0.521,4.239,1.347,0.87,0.2738,0.2993,M09_H12,0.937,1.4097,Low_Spoilage_Risk
Garlic,6.41,61.94,594.5,2.279,-5.468,-0.402,0.86,0.0756,0.1258,M06_H00,0.727,0.5074,Safe
Jute_Seed,43.25,55.6,1005.3,1.295,0.588,-0.608,0.918,0.3984,0.3764,M03_H15,0.845,1.3405,Moderate_Spoilage_Risk
Wheat,16.72,62.25,530.1,2.028,1.073,0.616,0.863,0.1002,0.1111,M08_H17,0.757,-1.6741,Safe
Groundnut,39.74,44.31,1212.3,1.66,18.482,-0.267,0.955,0.5601,0.5719,M03_H12,0.801,3.3942,High_Spoilage_Risk
Onion,9.55,75.31,923.4,3.708,-5.275,-0.767,0.837,0.2165,0.2526,M08_H23,0.555,1.8788,Low_Spoilage_Risk
Black_Gram,33.26,45.8,484.4,3.609,0.382,-0.731,0.985,0.3888,0.4025,M06_H21,0.567,-0.2098,Moderate_Spoilage_Risk
Chickpea,38.7,43.05,1105.4,4.361,15.663,0.988,0.973,0.5211,0.5137,M05_H23,0.477,0.4245,High_Spoilage_Risk
Sugarcane_Ratoon,19.42,89.0,848.6,1.648,19.129,0.447,0.778,0.4132,0.3991,M02_H21,0.736,-3.4754,Moderate_Spoilage_Risk
Soybean,22.83,68.05,829.9,0.891,3.656,-0.123,0.898,0.2512,0.2834,M11_H21,0.893,1.4447,Low_Spoilage_Risk
Potato,12.24,95.72,918.3,4.499,9.16,-0.053,0.69,0.379,0.3623,M03_H00,0.281,0.3575,Moderate_Spoilage_Risk
Mustard_Seed,13.33,45.45,537.1,4.131,-12.904,0.578,0.879,0.1656,0.1648,M02_H16,0.504,0.7901,Low_Spoilage_Risk
Chickpea,13.57,72.01,881.0,0.137,6.717,-0.151,0.826,0.3253,0.3003,M02_H10,0.984,-2.8251,Moderate_Spoilage_Risk
Sugarcane_Ratoon,15.51,93.14,950.0,0.36,10.491,-0.734,0.631,0.4894,0.4821,M05_H04,0.821,0.4583,Moderate_Spoilage_Risk
Rice_Processed,12.18,68.2,644.5,2.124,0.299,-0.325,0.998,0.143,0.1977,M10_H02,0.745,1.85,Low_Spoilage_Risk
Jute_Seed,22.16,39.68,382.6,0.157,-2.421,-0.457,0.995,0.0492,0.0212,M11_H08,0.981,-1.8466,Safe
Chickpea,27.27,48.62,417.4,2.949,-1.528,-0.399,0.916,0.1457,0.1699,M12_H00,0.646,3.1198,Low_Spoilage_Risk
Black_Gram,21.1,74.71,554.3,4.371,15.774,-0.699,0.999,0.4748,0.5298,M03_H02,0.475,1.9037,High_Spoilage_Risk
Black_Gram,30.54,65.47,567.8,4.966,-3.886,-1.373,0.955,0.4218,0.3975,M11_H16,0.404,1.3378,Moderate_Spoilage_Risk
Mustard_Seed,5.71,36.22,698.3,1.01,-20.467,-1.126,0.859,0.1611,0.1387,M12_H02,0.879,0.3699,Safe
Soybean,30.28,73.72,1164.8,2.989,12.501,0.333,0.822,0.8819,0.9027,M08_H11,0.641,2.8826,Critical_Spoilage
Onion,6.13,57.84,439.2,2.415,-0.973,0.492,0.976,0.1343,0.1702,M02_H06,0.71,2.1223,Low_Spoilage_Risk
Rice_Processed,17.14,61.81,749.3,3.893,-3.975,-0.557,0.929,0.1742,0.1883,M08_H22,0.533,2.9159,Low_Spoilage_Risk
Maize,28.66,77.4,1169.6,3.705,12.255,0.257,0.966,0.735,0.7764,M09_H22,0.555,1.4908,Critical_Spoilage
Maize,40.32,86.67,967.6,2.306,24.236,1.077,0.709,0.8545,0.9115,M09_H17,0.695,1.717,Critical_Spoilage
Maize,27.07,73.85,546.0,2.586,-8.071,0.53,0.896,0.2742,0.2753,M03_H06,0.69,1.0758,Low_Spoilage_Risk
Black_Gram,24.79,53.99,537.0,4.703,-6.589,2.08,0.963,0.1632,0.2034,M09_H18,0.436,3.363,Low_Spoilage_Risk
Jute_Seed,10.51,80.13,741.0,2.406,2.984,1.045,0.767,0.5928,0.6276,M09_H04,0.711,3.4455,High_Spoilage_Risk
Rice_Paddy,14.25,58.55,602.9,2.661,-0.678,0.419,0.871,0.1088,0.1107,M12_H02,0.681,1.623,Safe
Lentil,22.49,41.39,399.4,4.372,-10.561,-0.719,0.976,0.1596,0.1552,M07_H08,0.475,0.8371,Low_Spoilage_Risk
Groundnut,20.75,62.88,374.6,2.734,-8.367,-1.082,0.998,0.1189,0.1369,M07_H16,0.672,-1.8512,Safe
Garlic,2.97,60.46,824.5,4.565,-11.662,-1.079,0.901,0.2143,0.2188,M02_H17,0.452,-2.5861,Low_Spoilage_Risk
Maize,38.46,59.07,1201.2,4.125,29.155,0.276,0.939,0.6176,0.671,M11_H07,0.505,-1.493,High_Spoilage_Risk
Onion,18.8,98.24,1401.9,3.009,22.73,0.732,0.699,0.8506,0.8617,M09_H16,0.418,0.1079,Critical_Spoilage
Mustard_Seed,11.15,64.9,841.8,4.277,-2.927,-0.135,0.938,0.4348,0.4849,M10_H06,0.487,5.9194,Moderate_Spoilage_Risk
Sugarcane_Ratoon,20.76,58.38,417.8,2.281,-4.523,-0.031,0.993,0.1433,0.1563,M08_H14,0.726,0.1159,Low_Spoilage_Risk
Sugarcane_Ratoon,35.91,80.84,1106.8,2.27,23.889,-0.95,0.937,0.4536,0.4659,M02_H12,0.728,4.0854,Moderate_Spoilage_Risk
Garlic,5.22,52.9,477.7,2.296,-13.28,-0.992,0.9,0.14,0.118,M01_H12,0.724,-1.0834,Safe
Rice_Paddy,36.62,67.28,1157.0,2.054,11.65,-0.088,0.876,0.5117,0.5679,M09_H23,0.754,-0.568,High_Spoilage_Risk
Rice_Processed,14.82,52.29,633.0,0.325,2.966,-1.331,0.976,0.0379,0.0417,M10_H11,0.961,2.3873,Safe
Groundnut,15.06,51.4,433.5,2.792,-2.334,0.211,0.869,0.1137,0.1597,M10_H03,0.665,-2.2336,Safe
Chickpea,27.52,56.74,645.1,3.48,5.19,1.356,0.862,0.2052,0.2094,M06_H15,0.582,2.6386,Low_Spoilage_Risk
Black_Gram,39.36,68.59,1072.4,3.598,11.779,0.817,0.858,0.6967,0.742,M03_H06,0.568,2.5228,Critical_Spoilage
Potato,12.48,83.49,578.6,4.711,-2.457,-0.47,0.923,0.2021,0.2535,M11_H13,0.435,0.7116,Low_Spoilage_Risk
Garlic,10.55,57.43,843.2,0.804,-5.797,-1.193,0.858,0.1645,0.1692,M03_H05,0.904,0.7769,Low_Spoilage_Risk
Garlic,0.1,65.28,449.6,0.911,6.534,-0.337,0.97,0.1451,0.1454,M09_H20,0.891,-1.9942,Safe
Mustard_Seed,10.25,52.62,631.6,2.375,-9.42,-1.358,0.877,0.1271,0.1128,M02_H04,0.715,-0.8021,Safe
Potato,16.2,91.09,757.8,1.055,2.755,0.646,0.522,0.2039,0.2543,M04_H14,0.772,0.5946,Low_Spoilage_Risk
Maize,38.53,73.82,1494.0,3.016,18.784,1.183,0.902,0.728,0.7769,M03_H15,0.638,1.8171,Critical_Spoilage
Garlic,6.56,80.41,766.8,0.114,4.956,0.479,0.834,0.3409,0.3471,M07_H04,0.986,1.0363,Moderate_Spoilage_Risk
Onion,7.89,83.4,482.5,1.879,7.833,0.015,0.803,0.3252,0.3329,M05_H04,0.775,2.162,Moderate_Spoilage_Risk
Groundnut,35.27,58.31,728.9,0.224,9.512,-0.357,0.838,0.3173,0.3717,M03_H23,0.973,2.4011,Moderate_Spoilage_Risk
Black_Gram,25.15,45.19,690.1,3.498,-13.583,-0.359,0.88,0.1876,0.2249,M01_H12,0.58,-0.8697,Low_Spoilage_Risk
Groundnut,32.74,49.95,841.4,1.398,-0.09,-1.093,0.908,0.4596,0.4938,M09_H03,0.832,1.1879,Moderate_Spoilage_Risk
Jute_Seed,35.55,61.46,816.9,1.377,3.562,-0.281,0.902,0.3131,0.3395,M09_H06,0.835,-0.2252,Moderate_Spoilage_Risk
Maize,9.96,70.55,629.7,4.484,-19.46,0.331,0.92,0.1751,0.2019,M07_H02,0.462,0.5741,Low_Spoilage_Risk
Onion,17.74,83.12,784.7,1.66,4.903,1.295,0.823,0.4799,0.473,M03_H11,0.801,-0.3926,Moderate_Spoilage_Risk
Maize,35.21,80.69,1430.2,4.391,34.042,1.178,0.921,1.0,1.0,M11_H20,0.473,1.8072,Critical_Spoilage
Mustard_Seed,20.94,65.91,614.9,1.88,5.668,1.507,0.993,0.3448,0.3627,M07_H17,0.774,3.1524,Moderate_Spoilage_Risk
Onion,7.97,61.21,904.4,4.098,19.839,0.948,0.943,0.2512,0.2446,M09_H13,0.508,-0.4146,Low_Spoilage_Risk
Groundnut,32.94,53.03,870.7,0.493,2.056,-0.317,0.825,0.3632,0.3935,M07_H16,0.941,1.7849,Moderate_Spoilage_Risk
Soybean,35.73,64.43,1096.7,3.787,14.613,2.032,0.963,0.5643,0.5734,M02_H09,0.546,-0.7224,High_Spoilage_Risk
Black_Gram,17.45,75.05,1131.5,0.96,4.571,-1.263,0.888,0.5322,0.5923,M01_H10,0.885,4.4621,High_Spoilage_Risk
Jute_Seed,12.88,61.19,773.0,4.882,2.393,-0.253,0.945,0.2186,0.2424,M07_H04,0.414,-0.4917,Low_Spoilage_Risk
Chickpea,16.2,45.03,680.0,0.522,-15.749,1.01,0.917,0.0518,0.0302,M03_H02,0.937,-2.3092,Safe
Rice_Processed,48.19,79.13,1009.4,1.471,29.123,0.529,0.981,0.8102,0.8746,M04_H16,0.823,4.7042,Critical_Spoilage
Rice_Processed,28.92,52.62,659.5,0.796,9.097,1.444,0.966,0.0697,0.0966,M12_H22,0.904,-1.2136,Safe
Soybean,25.55,39.34,579.1,4.103,4.626,0.493,0.935,0.222,0.2624,M01_H18,0.508,2.2814,Low_Spoilage_Risk
Maize,9.81,87.68,596.5,4.071,22.945,0.958,0.805,0.5757,0.5992,M09_H00,0.467,0.1951,High_Spoilage_Risk
Wheat,33.61,70.17,655.3,4.416,9.247,-0.095,0.98,0.6355,0.6547,M05_H22,0.47,4.487,High_Spoilage_Risk
Rice_Paddy,31.18,70.49,612.9,0.14,4.835,0.351,0.868,0.1358,0.1481,M01_H01,0.983,1.1436,Safe
Chickpea,25.0,74.93,1049.1,4.293,-0.109,0.256,0.842,0.6094,0.626,M03_H07,0.485,2.7568,High_Spoilage_Risk
Potato,23.02,99,942.6,1.652,8.342,-0.328,0.52,0.7915,0.7999,M10_H06,0.568,4.8375,Critical_Spoilage
Mustard_Seed,32.88,41.48,584.0,1.236,4.319,-0.24,0.958,0.3537,0.389,M02_H14,0.852,2.649,Moderate_Spoilage_Risk
Potato,14.13,82.92,834.5,1.98,-8.589,0.005,0.853,0.2071,0.2189,M11_H01,0.762,1.8528,Low_Spoilage_Risk
Jute_Seed,16.26,59.38,394.9,2.528,-9.93,1.014,0.881,0.1083,0.1588,M09_H07,0.697,4.6431,Safe
Wheat,32.67,47.35,769.2,2.422,7.624,0.491,0.987,0.4663,0.4624,M03_H16,0.709,-3.3993,Moderate_Spoilage_Risk
Soybean,9.99,54.33,563.8,1.866,-7.841,0.324,0.966,0.0883,0.0671,M03_H06,0.776,-0.7438,Safe
Rice_Processed,34.2,66.19,533.5,0.911,11.368,0.535,0.885,0.1764,0.1683,M06_H11,0.891,0.8681,Low_Spoilage_Risk
Mustard_Seed,13.58,33.57,534.6,2.384,-17.863,-0.622,0.858,0.1413,0.1911,M11_H03,0.714,-2.8305,Low_Spoilage_Risk
Black_Gram,33.11,46.75,639.2,4.177,6.839,0.602,0.86,0.431,0.4208,M01_H20,0.499,-0.577,Moderate_Spoilage_Risk
Black_Gram,39.15,63.81,1312.8,4.085,15.887,-0.795,0.974,0.6455,0.7026,M06_H09,0.51,-2.2519,High_Spoilage_Risk
Onion,11.29,79.28,1005.1,4.292,1.016,-0.089,0.874,0.4165,0.4037,M12_H13,0.485,-1.3301,Moderate_Spoilage_Risk
Potato,12.98,84.06,494.3,1.805,7.285,0.065,0.733,0.1385,0.1427,M08_H12,0.783,1.8567,Safe
Groundnut,16.19,39.36,839.1,1.598,-9.753,-0.935,0.837,0.207,0.2474,M03_H03,0.808,-0.4542,Low_Spoilage_Risk
Onion,5.3,67.75,607.7,3.714,-3.383,-1.252,0.855,0.135,0.1371,M04_H03,0.554,1.709,Safe
Rice_Paddy,25.24,79.16,915.6,3.824,13.034,0.596,0.987,0.5846,0.6358,M09_H14,0.541,3.334,High_Spoilage_Risk
Rice_Paddy,36.31,67.52,1117.0,1.206,-3.357,-0.124,0.998,0.4662,0.4859,M05_H02,0.855,-2.605,Moderate_Spoilage_Risk
Jute_Seed,14.26,73.42,784.5,2.709,0.168,0.254,0.921,0.403,0.4217,M01_H18,0.675,-1.3642,Moderate_Spoilage_Risk
Lentil,17.83,57.53,770.7,0.583,13.063,-0.522,0.857,0.0689,0.0973,M12_H16,0.93,-0.1822,Safe
Potato,24.4,77.11,1480.8,3.914,-0.052,0.778,0.963,0.6361,0.6679,M11_H16,0.53,0.5871,High_Spoilage_Risk
Lentil,20.07,29.57,576.1,4.908,5.206,0.831,0.834,0.2029,0.252,M02_H05,0.411,-1.0614,Low_Spoilage_Risk
Rice_Processed,19.39,68.59,761.9,1.289,-17.022,1.594,0.952,0.1207,0.1649,M02_H17,0.845,3.5177,Safe
Lentil,24.74,67.83,469.2,1.278,-0.155,0.849,0.997,0.2742,0.3147,M01_H01,0.847,-2.6926,Low_Spoilage_Risk
Onion,-2,62.1,532.1,0.196,-5.479,-0.901,0.838,0.1364,0.1281,M01_H23,0.976,-2.6189,Safe
Rice_Paddy,19.51,55.42,409.2,0.946,-5.07,-0.627,0.966,0.0565,0.1054,M10_H09,0.886,-6.6894,Safe
Wheat,19.4,44.12,717.6,3.063,-0.022,-1.217,0.867,0.2125,0.2324,M01_H03,0.632,-3.4802,Low_Spoilage_Risk
Potato,2.7,89.84,775.0,0.902,-11.792,-1.18,0.899,0.1061,0.149,M05_H21,0.811,2.4234,Safe
Groundnut,32.21,37.46,693.6,0.35,-4.217,0.181,0.844,0.353,0.3836,M12_H19,0.958,-0.2047,Moderate_Spoilage_Risk
Soybean,31.01,49.1,750.2,1.241,16.019,-0.011,0.951,0.3538,0.3754,M03_H03,0.851,0.5027,Moderate_Spoilage_Risk
Chickpea,12.61,49.1,407.7,2.906,-1.069,-0.677,0.977,0.1344,0.1742,M01_H06,0.651,-1.7887,Low_Spoilage_Risk
Potato,18.87,99,720.2,0.172,20.549,1.139,0.502,0.6454,0.71,M06_H14,0.746,0.9626,High_Spoilage_Risk
Soybean,16.93,63.55,755.5,2.602,12.342,-1.023,0.894,0.157,0.1943,M12_H10,0.688,-0.1786,Low_Spoilage_Risk
Lentil,11.64,62.49,557.5,1.532,-2.767,0.184,0.885,0.1438,0.142,M07_H21,0.816,-3.806,Safe
Jute_Seed,33.87,56.8,969.5,4.556,8.582,-0.034,0.984,0.3587,0.3374,M06_H07,0.453,0.3542,Moderate_Spoilage_Risk
Lentil,37.95,45.8,1001.3,0.477,7.488,-0.66,0.963,0.3803,0.3717,M06_H08,0.943,3.1829,Moderate_Spoilage_Risk
Maize,31.22,63.47,774.2,4.439,-8.962,0.152,0.966,0.3859,0.3917,M11_H19,0.467,-2.4139,Moderate_Spoilage_Risk
Groundnut,22.15,58.58,840.5,4.741,2.965,-0.251,0.844,0.2541,0.2334,M01_H00,0.431,0.8455,Low_Spoilage_Risk
Lentil,14.97,58.31,563.1,4.37,2.447,0.254,0.846,0.1802,0.1561,M05_H16,0.476,-2.5107,Low_Spoilage_Risk
Rice_Processed,38.45,49.4,1119.8,0.338,9.798,0.017,0.847,0.4218,0.4361,M09_H20,0.959,0.6154,Moderate_Spoilage_Risk
Mustard_Seed,23.59,50.91,784.9,3.416,-0.755,-1.094,0.887,0.2062,0.1875,M09_H13,0.59,-0.3891,Low_Spoilage_Risk
Lentil,12.35,53.61,700.8,4.646,-6.558,0.467,0.957,0.1788,0.234,M12_H08,0.442,2.6218,Low_Spoilage_Risk
Wheat,38.21,68.05,816.7,3.941,0.137,0.02,0.885,0.6116,0.6599,M08_H14,0.527,-0.1776,High_Spoilage_Risk
Black_Gram,29.56,72.13,552.7,3.96,3.9,0.994,0.887,0.5301,0.5412,M12_H16,0.525,0.1069,High_Spoilage_Risk
Potato,0.89,88.06,449.6,4.361,-4.895,-0.009,0.844,0.2453,0.2193,M01_H10,0.426,0.0004,Low_Spoilage_Risk
Onion,11.36,63.34,844.9,3.227,-8.232,0.236,0.955,0.2603,0.2483,M08_H05,0.613,2.471,Low_Spoilage_Risk
Mustard_Seed,22.35,45.36,769.6,0.391,-3.002,0.418,0.879,0.0858,0.1421,M08_H08,0.953,3.5332,Safe
Groundnut,19.88,49.37,710.6,0.644,4.215,0.24,0.949,0.1094,0.1075,M05_H04,0.923,0.2172,Safe
Garlic,12.62,52.26,585.7,0.778,8.837,0.907,0.833,0.1184,0.1115,M01_H02,0.907,-0.21,Safe
Lentil,20.68,72.3,647.1,0.524,18.307,0.715,0.913,0.3523,0.3748,M05_H18,0.937,0.1294,Moderate_Spoilage_Risk
Onion,6.91,83.94,1145.2,1.942,15.569,0.468,0.779,0.4914,0.4827,M01_H18,0.767,-1.568,Moderate_Spoilage_Risk
Soybean,18.56,73.05,527.6,4.335,-2.329,-0.2,0.893,0.509,0.4812,M07_H17,0.48,-0.2531,Moderate_Spoilage_Risk
Mustard_Seed,18.7,45.38,488.9,3.315,3.021,-0.653,0.837,0.1513,0.1689,M06_H13,0.602,0.2966,Low_Spoilage_Risk
Rice_Processed,33.0,64.73,984.4,2.362,-2.223,-0.83,0.967,0.2971,0.2998,M10_H06,0.717,-0.3891,Low_Spoilage_Risk
Rice_Paddy,25.51,76.94,789.2,3.989,14.847,-0.095,0.939,0.4689,0.459,M07_H18,0.521,-0.1915,Moderate_Spoilage_Risk
Wheat,20.57,61.22,727.8,2.786,-3.352,-0.064,0.898,0.1691,0.2061,M07_H09,0.666,2.0104,Low_Spoilage_Risk
Rice_Processed,41.69,72.13,1240.7,0.897,25.626,0.829,0.991,0.5926,0.6007,M09_H12,0.892,1.4838,High_Spoilage_Risk
Chickpea,31.98,74.89,1094.0,3.1,-9.272,-1.366,0.964,0.8304,0.8696,M12_H23,0.628,3.8978,Critical_Spoilage
Sugarcane_Ratoon,44.43,73.35,1245.0,2.258,12.279,0.018,0.906,0.4723,0.4755,M04_H08,0.729,0.0463,Moderate_Spoilage_Risk
Lentil,35.73,46.56,1211.0,4.617,12.61,-0.315,0.936,0.5499,0.5466,M04_H23,0.446,2.513,High_Spoilage_Risk
Rice_Processed,42.25,65.6,1000.1,0.924,16.106,0.136,0.95,0.3873,0.4425,M11_H10,0.889,0.4636,Moderate_Spoilage_Risk
Lentil,7.56,36.24,801.1,3.891,-2.533,1.517,0.825,0.2956,0.3239,M02_H19,0.533,-0.2485,Moderate_Spoilage_Risk
Maize,8.78,77.59,1016.0,1.486,6.626,-1.007,0.837,0.5416,0.5368,M12_H23,0.822,-1.8386,High_Spoilage_Risk
Mustard_Seed,15.77,39.09,575.6,0.136,-0.336,-0.764,0.99,0.0722,0.0804,M04_H02,0.984,1.1703,Safe
Chickpea,17.56,57.32,713.6,0.736,-2.446,1.313,0.947,0.0866,0.0796,M08_H20,0.912,-4.7663,Safe
Groundnut,30.66,49.37,644.5,1.881,7.216,-0.349,0.891,0.3833,0.4262,M02_H18,0.774,0.0741,Moderate_Spoilage_Risk
Potato,26.86,79.02,1430.3,3.015,19.764,-0.343,0.925,0.615,0.6179,M07_H08,0.638,0.0313,High_Spoilage_Risk
Wheat,30.84,53.08,1054.9,0.691,-3.058,0.17,0.973,0.4362,0.4579,M02_H01,0.917,-2.5132,Moderate_Spoilage_Risk
Maize,31.76,57.06,1031.8,3.982,8.903,-1.154,0.973,0.4932,0.4945,M01_H23,0.522,2.9891,Moderate_Spoilage_Risk
Jute_Seed,23.53,53.73,600.1,0.71,14.357,-0.358,0.947,0.0485,0.0284,M07_H06,0.915,-3.1655,Safe
Rice_Processed,34.55,53.77,1017.5,1.742,-7.251,0.419,0.933,0.3167,0.3304,M06_H04,0.791,0.165,Moderate_Spoilage_Risk
Onion,9.22,78.24,801.5,4.496,7.323,0.973,0.968,0.2881,0.3127,M01_H05,0.46,-2.8254,Moderate_Spoilage_Risk
Chickpea,27.8,63.1,869.2,0.577,2.298,0.3,0.877,0.1469,0.1694,M03_H11,0.931,-1.8598,Low_Spoilage_Risk
Sugarcane_Ratoon,29.85,47.53,767.7,1.508,12.81,0.173,0.825,0.1217,0.1528,M01_H12,0.819,-1.7412,Safe
Rice_Paddy,33.81,58.6,1010.4,2.377,-0.994,-1.065,0.96,0.4404,0.437,M06_H04,0.715,1.0468,Moderate_Spoilage_Risk
Sugarcane_Ratoon,42.59,93.28,1738.3,3.503,26.406,1.295,0.821,1.0,1.0,M08_H07,0.442,2.9747,Critical_Spoilage
Black_Gram,29.65,66.16,756.2,2.359,16.007,-0.516,0.879,0.3503,0.3689,M07_H19,0.717,0.9416,Moderate_Spoilage_Risk
Rice_Processed,34.81,78.99,703.3,3.581,1.648,0.861,0.918,0.7286,0.7659,M04_H06,0.57,1.5459,Critical_Spoilage
Maize,18.15,63.16,790.7,1.764,-8.708,-0.502,0.973,0.1435,0.1807,M02_H15,0.788,-2.1574,Low_Spoilage_Risk
Chickpea,26.69,49.84,595.2,1.099,-13.199,-0.696,0.916,0.069,0.0713,M01_H12,0.868,-0.5986,Safe
Black_Gram,39.06,45.92,792.5,0.124,-7.389,0.276,0.902,0.3021,0.3397,M05_H15,0.985,2.8177,Moderate_Spoilage_Risk
Garlic,2.68,83.62,716.8,4.571,6.911,-0.191,0.874,0.5917,0.6283,M01_H11,0.451,2.1895,High_Spoilage_Risk
Maize,29.34,41.44,581.2,2.259,4.88,1.139,0.9,0.2098,0.2494,M02_H17,0.729,2.2381,Low_Spoilage_Risk
Wheat,31.93,49.22,852.8,1.262,2.109,-1.085,0.886,0.4252,0.4178,M04_H12,0.849,1.4175,Moderate_Spoilage_Risk
Mustard_Seed,28.57,59.21,751.3,3.83,4.515,0.529,0.885,0.3757,0.4299,M05_H22,0.54,0.8246,Moderate_Spoilage_Risk
Onion,18.2,75.7,681.4,0.238,11.575,0.925,0.894,0.1711,0.1873,M10_H01,0.971,4.0614,Low_Spoilage_Risk
Groundnut,37.82,62.46,1316.9,2.454,5.501,-0.877,0.914,0.5382,0.5632,M02_H14,0.706,1.2109,High_Spoilage_Risk
Jute_Seed,34.02,46.3,835.9,4.026,-2.129,-1.034,0.842,0.4072,0.4337,M05_H07,0.517,-1.6672,Moderate_Spoilage_Risk
Soybean,17.61,62.85,617.4,4.444,0.046,-0.41,0.848,0.1622,0.1931,M08_H11,0.467,-0.5496,Low_Spoilage_Risk
Soybean,18.87,49.35,574.6,0.935,-14.197,0.155,0.962,0.0648,0.1136,M05_H22,0.888,-0.225,Safe
Groundnut,34.88,64.6,1021.0,1.388,13.764,-0.767,0.939,0.4809,0.5027,M02_H10,0.833,-1.8424,Moderate_Spoilage_Risk
Lentil,14.17,84.06,782.5,3.584,14.327,0.78,0.755,0.6042,0.5926,M06_H10,0.57,2.8498,High_Spoilage_Risk
Potato,3.19,90.16,387.3,4.036,-1.523,-0.248,0.826,0.1877,0.2332,M03_H03,0.43,-0.6431,Low_Spoilage_Risk
Garlic,4.02,76.04,862.9,3.247,-1.692,-0.499,0.981,0.39,0.4066,M08_H06,0.61,3.0442,Moderate_Spoilage_Risk
Rice_Paddy,16.21,71.8,870.5,0.436,3.039,1.509,0.893,0.1919,0.2155,M08_H16,0.948,1.828,Low_Spoilage_Risk
Rice_Paddy,40.17,57.23,1149.4,3.928,23.206,-0.776,0.991,0.5748,0.5662,M02_H15,0.529,-1.1096,High_Spoilage_Risk
Garlic,11.83,47.29,935.1,1.539,-4.2,0.301,0.828,0.2134,0.2427,M12_H01,0.815,0.5292,Low_Spoilage_Risk
Soybean,34.15,41.22,1014.1,0.331,18.782,-0.84,0.837,0.4369,0.4789,M01_H01,0.96,3.2469,Moderate_Spoilage_Risk
Sugarcane_Ratoon,31.84,57.18,998.6,3.347,-6.092,-0.515,0.862,0.3237,0.3137,M07_H06,0.598,-3.6148,Moderate_Spoilage_Risk
Groundnut,31.51,67.81,627.4,2.791,-6.827,-0.423,0.994,0.5751,0.569,M04_H00,0.665,2.4037,High_Spoilage_Risk
Chickpea,9.85,61.84,789.9,2.522,-8.116,0.103,0.936,0.1639,0.1373,M12_H22,0.697,-1.9626,Safe
Mustard_Seed,15.4,50.73,588.8,4.804,-14.204,0.796,0.934,0.1707,0.2049,M01_H05,0.424,-0.5054,Low_Spoilage_Risk
Garlic,12.8,87.75,697.7,2.153,14.355,0.656,0.745,0.54,0.5789,M08_H15,0.696,-1.2356,High_Spoilage_Risk
Onion,22.04,83.88,1088.2,4.293,6.926,0.418,0.782,0.7675,0.8001,M05_H19,0.485,6.255,Critical_Spoilage
Lentil,4.0,27.05,392.0,0.155,5.49,-0.001,0.9,0.1153,0.1652,M11_H07,0.981,0.0086,Safe
Lentil,27.89,54.4,468.5,1.116,7.229,1.141,0.83,0.1965,0.1824,M01_H16,0.866,1.36,Low_Spoilage_Risk
Soybean,25.62,36.87,715.7,3.044,-7.464,0.299,0.861,0.2151,0.2387,M11_H01,0.635,1.1021,Low_Spoilage_Risk
Rice_Processed,23.48,61.01,564.4,2.67,7.077,-0.271,0.874,0.0942,0.1115,M11_H13,0.68,-1.9333,Safe
Garlic,18.72,73.74,857.9,1.348,9.59,-0.17,0.947,0.3596,0.4079,M08_H01,0.838,1.8484,Moderate_Spoilage_Risk
Garlic,9.51,52.23,633.4,0.56,0.647,-0.654,0.899,0.0536,0.0369,M01_H02,0.933,0.8561,Safe
Rice_Processed,43.64,68.61,781.1,4.847,4.711,-1.704,0.926,0.4597,0.4637,M03_H23,0.418,2.2071,Moderate_Spoilage_Risk
Rice_Paddy,32.53,72.52,962.8,0.231,0.884,-1.98,0.961,0.3961,0.4181,M11_H03,0.972,1.6868,Moderate_Spoilage_Risk
Rice_Paddy,15.8,72.13,732.2,2.945,3.917,1.056,0.986,0.2211,0.2686,M05_H04,0.647,1.6949,Low_Spoilage_Risk
Lentil,29.52,76.16,1146.1,3.007,4.173,-1.445,0.866,0.8852,0.9224,M06_H12,0.639,0.3573,Critical_Spoilage
Lentil,35.44,80.83,1231.3,3.226,27.358,0.208,0.763,0.938,0.9673,M06_H07,0.613,3.2142,Critical_Spoilage
Rice_Processed,26.29,62.8,765.1,2.486,5.932,0.728,0.969,0.1595,0.1571,M06_H04,0.702,1.4126,Low_Spoilage_Risk
Soybean,37.61,43.22,1099.9,3.842,18.186,0.572,0.938,0.6068,0.5987,M05_H18,0.539,1.8204,High_Spoilage_Risk
Sugarcane_Ratoon,16.97,63.36,895.7,1.709,-16.253,-0.199,0.961,0.1413,0.1294,M08_H18,0.795,0.3904,Safe
Lentil,17.94,75.72,694.3,2.89,-4.208,1.264,0.866,0.5728,0.5519,M07_H08,0.653,3.0304,High_Spoilage_Risk
Lentil,8.88,32.53,696.9,2.174,0.153,1.139,0.831,0.1637,0.2141,M02_H08,0.739,0.7298,Low_Spoilage_Risk
Chickpea,36.29,54.87,713.8,4.056,-2.558,0.619,0.896,0.4454,0.4833,M05_H09,0.513,-3.0512,Moderate_Spoilage_Risk
Rice_Processed,17.12,52.24,404.8,2.575,-11.575,0.5,0.858,0.0963,0.0987,M06_H02,0.691,1.1847,Safe
Maize,39.17,80.44,1286.8,1.548,20.05,0.442,0.806,0.8957,0.9504,M08_H09,0.814,3.5831,Critical_Spoilage
Chickpea,28.23,52.54,492.6,2.85,-0.354,-1.64,0.965,0.1866,0.2268,M11_H11,0.658,7.2224,Low_Spoilage_Risk
Jute_Seed,42.11,45.51,978.8,2.528,7.373,-0.38,0.892,0.509,0.5481,M11_H06,0.697,1.6385,High_Spoilage_Risk
Maize,39.75,58.71,1377.5,4.484,15.873,-1.791,0.941,0.6069,0.6273,M11_H14,0.462,1.4841,High_Spoilage_Risk
Mustard_Seed,30.14,51.18,724.9,4.572,14.877,-0.85,0.914,0.4383,0.4414,M05_H19,0.451,2.6642,Moderate_Spoilage_Risk
Mustard_Seed,9.29,68.97,839.2,3.192,4.438,1.036,0.978,0.5838,0.6265,M08_H17,0.617,-3.9813,High_Spoilage_Risk
Sugarcane_Ratoon,25.33,64.11,873.7,1.754,-6.686,0.02,0.828,0.1306,0.1644,M01_H13,0.79,-1.6668,Low_Spoilage_Risk
Chickpea,24.32,72.37,627.7,2.419,10.875,0.802,0.854,0.3705,0.357,M11_H21,0.71,1.2832,Moderate_Spoilage_Risk
Soybean,18.49,76.38,782.5,2.331,-11.371,0.068,0.95,0.5506,0.6003,M08_H03,0.72,3.759,High_Spoilage_Risk
Mustard_Seed,27.22,63.62,466.9,3.739,-15.388,-0.344,0.89,0.4186,0.4659,M05_H02,0.551,2.8562,Moderate_Spoilage_Risk
Groundnut,10.26,46.88,647.0,0.935,-2.698,-0.647,0.842,0.0906,0.0676,M05_H01,0.888,-0.1382,Safe
Maize,16.25,50.37,388.0,3.333,-9.344,-0.75,0.984,0.1551,0.1492,M02_H02,0.6,-1.2436,Low_Spoilage_Risk
Rice_Processed,13.92,54.59,846.7,2.938,-6.997,0.228,0.97,0.1887,0.2111,M07_H01,0.647,-0.9404,Low_Spoilage_Risk
Jute_Seed,14.25,61.74,406.7,0.847,-1.625,-0.652,0.965,0.0246,0.0642,M01_H22,0.898,-1.688,Safe
Rice_Paddy,35.13,56.94,1104.1,4.676,6.855,1.482,0.962,0.5588,0.6107,M12_H23,0.439,1.8118,High_Spoilage_Risk
Potato,12.52,78.54,439.0,3.593,4.652,-0.357,0.868,0.1865,0.2103,M02_H03,0.569,0.6937,Low_Spoilage_Risk
Mustard_Seed,17.31,37.46,559.5,4.918,-13.055,-0.52,0.978,0.1801,0.1616,M03_H19,0.41,0.6084,Low_Spoilage_Risk
Potato,15.26,93.78,551.3,2.211,11.983,-0.088,0.68,0.2031,0.2333,M02_H19,0.588,2.6486,Low_Spoilage_Risk
Sugarcane_Ratoon,40.41,65.86,902.6,2.835,6.421,-0.676,0.866,0.4152,0.4135,M12_H12,0.66,1.4196,Moderate_Spoilage_Risk
Mustard_Seed,21.62,52.67,443.3,1.127,-0.384,1.224,0.885,0.0649,0.0759,M02_H02,0.865,-1.1962,Safe
Chickpea,16.13,70.39,916.3,0.3,-14.377,1.009,0.938,0.3059,0.2801,M12_H17,0.964,-0.1803,Low_Spoilage_Risk
Soybean,17.94,67.93,419.4,0.244,1.067,1.229,0.988,0.1287,0.1397,M01_H17,0.971,1.6775,Safe
Chickpea,26.84,72.37,991.0,1.655,1.461,0.089,0.852,0.4224,0.4703,M11_H08,0.801,-1.6458,Moderate_Spoilage_Risk
Lentil,40.51,51.15,1008.1,3.909,12.263,0.165,0.846,0.5235,0.5074,M08_H14,0.531,0.5137,High_Spoilage_Risk
Mustard_Seed,26.58,64.99,951.7,0.178,-3.521,1.428,0.982,0.3711,0.418,M11_H09,0.979,-0.0112,Moderate_Spoilage_Risk
Wheat,28.69,59.1,540.6,3.086,7.558,-0.573,0.82,0.2889,0.3142,M03_H19,0.63,-4.8887,Moderate_Spoilage_Risk
Rice_Processed,15.73,68.01,495.5,1.546,-1.793,-0.861,0.831,0.0534,0.0384,M03_H08,0.814,1.3297,Safe
Onion,6.22,64.03,937.6,2.697,1.16,0.276,0.873,0.2113,0.2062,M04_H15,0.676,-4.1335,Low_Spoilage_Risk
Mustard_Seed,12.88,57.91,817.2,2.226,7.403,-0.736,0.872,0.1541,0.206,M03_H01,0.733,-2.4039,Low_Spoilage_Risk
Onion,25.39,67.6,955.2,2.834,12.955,-0.519,0.972,0.4684,0.482,M10_H11,0.66,-0.2597,Moderate_Spoilage_Risk
Black_Gram,34.75,67.56,1136.8,0.474,1.387,1.006,0.829,0.5655,0.6104,M07_H16,0.943,3.6432,High_Spoilage_Risk
Wheat,12.43,56.08,443.3,4.856,3.031,-0.384,0.845,0.1517,0.1878,M09_H21,0.417,-1.3136,Low_Spoilage_Risk
Sugarcane_Ratoon,23.46,83.35,841.8,3.334,-3.701,-1.112,0.742,0.3285,0.3463,M06_H17,0.6,3.1487,Moderate_Spoilage_Risk
Wheat,33.05,41.69,1016.8,1.291,1.773,-0.312,0.882,0.4845,0.4858,M04_H06,0.845,1.889,Moderate_Spoilage_Risk
Wheat,32.16,73.03,671.9,1.688,1.508,-0.483,0.85,0.7051,0.6835,M01_H05,0.797,-0.7768,High_Spoilage_Risk
Lentil,38.45,53.87,1159.4,0.194,-2.24,1.182,0.941,0.4085,0.4157,M02_H10,0.977,1.3986,Moderate_Spoilage_Risk
Black_Gram,38.86,71.38,1170.0,2.841,30.122,1.277,0.98,0.775,0.8389,M12_H07,0.659,1.7159,Critical_Spoilage
Wheat,31.42,38.93,493.4,4.638,0.537,-1.034,0.963,0.439,0.4202,M11_H19,0.443,0.209,Moderate_Spoilage_Risk
Mustard_Seed,20.01,56.39,519.9,3.421,2.821,-0.175,0.955,0.1178,0.099,M08_H23,0.589,-1.4723,Safe
Sugarcane_Ratoon,17.26,71.38,892.4,3.331,1.701,-0.503,0.901,0.1947,0.2438,M10_H23,0.6,3.9507,Low_Spoilage_Risk
Maize,18.27,69.81,557.2,4.563,0.709,0.278,0.981,0.1545,0.1924,M06_H04,0.452,0.2333,Low_Spoilage_Risk
Black_Gram,26.6,45.37,479.3,3.463,-1.465,1.294,0.927,0.1416,0.15,M03_H03,0.584,0.4765,Safe
Groundnut,10.38,48.64,879.0,4.898,11.451,-0.702,0.971,0.3225,0.3218,M05_H22,0.412,3.1791,Moderate_Spoilage_Risk
Potato,2.77,83.02,728.3,4.016,-7.95,1.083,0.792,0.2264,0.254,M02_H10,0.518,-1.136,Low_Spoilage_Risk
Soybean,7.03,51.44,664.2,0.285,-12.082,1.749,0.836,0.0663,0.1143,M12_H08,0.966,-0.1656,Safe
Rice_Paddy,23.04,56.91,638.2,1.772,5.709,-1.205,0.934,0.097,0.1405,M02_H18,0.787,4.0115,Safe
Soybean,14.73,64.46,753.3,1.848,3.474,-0.442,0.925,0.1144,0.1014,M07_H07,0.778,-1.3745,Safe
Groundnut,38.29,75.06,1070.6,4.556,23.166,-0.515,0.894,0.9947,1.0,M07_H18,0.453,0.012,Critical_Spoilage
Wheat,14.05,65.74,820.0,3.19,-4.581,0.285,0.845,0.2226,0.2502,M03_H17,0.617,-2.1163,Low_Spoilage_Risk
Rice_Processed,15.72,67.19,556.3,3.301,3.461,0.494,0.888,0.1483,0.1617,M05_H23,0.604,-2.0722,Low_Spoilage_Risk
Groundnut,28.26,54.73,447.1,2.752,7.195,-1.084,0.935,0.2691,0.2661,M08_H00,0.67,0.6664,Low_Spoilage_Risk
Black_Gram,21.29,37.42,741.0,0.737,-12.312,0.888,0.823,0.1219,0.1103,M05_H14,0.912,1.1582,Safe
Rice_Paddy,16.52,73.64,884.9,2.882,-6.148,0.144,0.974,0.3591,0.3953,M03_H23,0.654,-0.8772,Moderate_Spoilage_Risk
Maize,18.37,69.51,886.4,0.692,-13.157,0.17,0.851,0.1197,0.1205,M06_H10,0.917,1.8298,Safe
Groundnut,11.86,59.67,870.3,1.896,-11.956,-0.886,0.954,0.1963,0.1834,M04_H03,0.772,2.9536,Low_Spoilage_Risk
Sugarcane_Ratoon,34.53,86.05,617.6,3.937,5.853,0.311,0.764,0.5212,0.5441,M12_H23,0.51,2.0159,High_Spoilage_Risk
Mustard_Seed,32.08,35.65,794.8,1.997,1.113,0.289,0.841,0.4206,0.4429,M04_H17,0.76,0.1837,Moderate_Spoilage_Risk
Wheat,12.76,77.65,661.9,3.703,21.951,1.406,0.858,0.575,0.646,M12_H07,0.556,2.9138,High_Spoilage_Risk
Onion,-1.19,53.21,560.3,2.945,-9.321,1.977,0.962,0.2696,0.2659,M11_H19,0.647,3.2568,Low_Spoilage_Risk
Jute_Seed,37.23,43.85,829.6,0.125,-4.856,1.214,0.978,0.3524,0.3754,M05_H00,0.985,1.9997,Moderate_Spoilage_Risk
Onion,12.21,78.15,847.7,3.096,9.074,0.4,0.902,0.3143,0.3134,M12_H05,0.628,0.2219,Moderate_Spoilage_Risk
Garlic,8.92,52.25,690.0,1.168,-15.589,-0.232,0.893,0.117,0.0936,M12_H17,0.86,1.4054,Safe
Mustard_Seed,29.7,62.15,1011.3,4.308,3.262,-0.565,0.886,0.591,0.6368,M02_H08,0.483,1.4316,High_Spoilage_Risk
Maize,18.97,77.47,635.8,1.581,3.666,1.398,0.889,0.3787,0.3854,M10_H02,0.81,0.1558,Moderate_Spoilage_Risk
Rice_Processed,18.32,59.73,855.3,1.85,-5.776,-0.515,0.855,0.1395,0.1358,M02_H09,0.778,-0.1666,Safe
Soybean,7.58,44.24,785.7,3.315,11.977,-0.791,0.97,0.2567,0.2756,M10_H20,0.602,2.3843,Low_Spoilage_Risk
Soybean,3.64,52.54,777.2,0.924,-1.283,-0.021,0.962,0.1425,0.1452,M11_H22,0.889,-0.8963,Safe
Wheat,30.21,76.57,1035.2,0.106,1.213,1.5,0.898,0.7869,0.8388,M09_H16,0.987,0.7027,Critical_Spoilage
Chickpea,36.12,38.68,1123.7,4.128,8.255,-0.587,0.89,0.5648,0.6195,M09_H13,0.505,6.7003,High_Spoilage_Risk
Jute_Seed,28.07,51.05,637.4,3.351,2.572,-0.02,0.969,0.1462,0.1512,M02_H09,0.598,2.2155,Safe
Black_Gram,13.62,47.93,594.6,0.218,-16.692,-0.665,0.831,0.0094,0.0369,M10_H18,0.974,-0.6001,Safe
Rice_Paddy,38.91,79.76,857.1,2.48,12.983,0.508,0.831,0.7831,0.8598,M11_H17,0.702,4.4033,Critical_Spoilage
Wheat,23.61,69.02,960.3,1.579,-1.747,0.673,0.968,0.3579,0.356,M07_H00,0.811,0.6603,Moderate_Spoilage_Risk
Soybean,4.84,75.07,526.3,4.452,-6.842,0.037,0.985,0.5867,0.6221,M02_H04,0.466,-0.4787,High_Spoilage_Risk
Jute_Seed,32.75,78.27,905.1,1.823,7.85,0.84,0.995,0.6136,0.6675,M05_H16,0.781,-0.164,High_Spoilage_Risk
Rice_Paddy,14.2,58.82,708.6,3.152,-2.336,1.406,0.91,0.1698,0.1947,M07_H03,0.622,1.4638,Low_Spoilage_Risk
Garlic,20.35,61.08,1187.6,4.452,-0.19,-1.75,0.853,0.4887,0.4765,M01_H06,0.466,1.0396,Moderate_Spoilage_Risk
Onion,5.06,76.02,474.7,2.15,3.353,-0.454,0.844,0.1248,0.1527,M08_H15,0.742,3.2519,Safe
Maize,15.1,72.69,978.4,4.182,0.667,-0.516,0.963,0.4053,0.4435,M10_H22,0.498,-2.6157,Moderate_Spoilage_Risk
Mustard_Seed,31.31,44.3,625.9,2.257,11.657,0.176,0.824,0.4191,0.4188,M09_H06,0.729,-4.0856,Moderate_Spoilage_Risk
Rice_Processed,33.55,56.55,831.1,4.785,6.785,0.704,0.988,0.3348,0.3514,M01_H20,0.426,-0.1463,Moderate_Spoilage_Risk
Wheat,30.41,51.77,1037.1,2.917,1.84,0.816,0.873,0.5209,0.5653,M06_H11,0.65,1.3296,High_Spoilage_Risk
Mustard_Seed,38.91,47.11,738.0,1.735,4.852,-0.804,0.901,0.3687,0.3865,M05_H07,0.792,4.4815,Moderate_Spoilage_Risk
Wheat,27.48,43.04,607.7,0.854,-4.234,-0.086,0.921,0.2201,0.2179,M11_H19,0.898,-1.4098,Low_Spoilage_Risk
Jute_Seed,25.25,68.58,961.5,4.452,-10.475,-0.143,0.931,0.3711,0.4008,M07_H21,0.466,-1.5732,Moderate_Spoilage_Risk
Soybean,19.82,64.85,652.4,0.212,-1.8,-0.467,0.893,0.0433,0.0718,M09_H06,0.975,2.468,Safe
Mustard_Seed,11.19,61.23,812.9,2.61,6.456,0.128,0.964,0.2355,0.2561,M07_H13,0.687,2.4442,Low_Spoilage_Risk
Soybean,26.53,62.22,639.9,1.826,4.842,0.223,0.935,0.1342,0.1424,M09_H20,0.781,0.385,Safe
Potato,6.3,76.13,573.1,0.997,1.169,-0.171,0.941,0.0837,0.1012,M01_H15,0.88,-5.2074,Safe
Wheat,17.88,59.81,674.0,4.316,-0.368,1.529,0.88,0.166,0.1755,M03_H22,0.482,1.8188,Low_Spoilage_Risk
Sugarcane_Ratoon,21.06,84.46,889.2,2.62,-0.833,0.435,0.758,0.325,0.3581,M10_H14,0.686,1.304,Moderate_Spoilage_Risk
Sugarcane_Ratoon,21.38,75.26,765.6,0.312,-1.69,0.315,0.968,0.0523,0.0508,M04_H13,0.963,1.091,Safe
Maize,41.12,70.23,1173.6,0.126,15.721,-0.304,0.954,0.4674,0.5182,M09_H11,0.985,3.15,Moderate_Spoilage_Risk
Lentil,36.24,40.25,1096.4,0.417,2.575,0.678,0.952,0.4005,0.4475,M12_H07,0.95,2.2048,Moderate_Spoilage_Risk
Garlic,-2,73.94,800.3,3.949,9.106,-0.489,0.855,0.4298,0.4263,M09_H21,0.526,2.2875,Moderate_Spoilage_Risk
Groundnut,39.98,66.91,1320.8,3.012,16.061,0.141,0.859,0.7115,0.7868,M04_H13,0.639,3.9017,Critical_Spoilage
Rice_Paddy,29.73,75.99,899.7,3.407,-7.052,-0.183,0.825,0.5065,0.5375,M05_H18,0.591,-0.8536,High_Spoilage_Risk
Jute_Seed,20.38,58.55,738.3,4.643,-21.012,0.702,0.925,0.1777,0.1747,M02_H02,0.443,1.2706,Low_Spoilage_Risk
Garlic,27.61,61.17,1164.5,1.446,22.51,0.034,0.966,0.4669,0.5204,M06_H11,0.826,0.0576,Moderate_Spoilage_Risk
Rice_Processed,19.77,69.37,688.7,4.304,6.125,0.599,0.976,0.2464,0.2625,M01_H22,0.484,1.4665,Low_Spoilage_Risk
Mustard_Seed,11.76,33.15,619.0,2.72,-14.531,-0.089,0.995,0.1548,0.1701,M11_H01,0.674,-4.054,Low_Spoilage_Risk
Potato,4.48,87.19,876.6,1.874,6.803,0.391,0.775,0.1094,0.1636,M01_H12,0.739,0.6295,Safe
Jute_Seed,32.87,69.11,893.3,1.097,11.716,0.76,0.885,0.3316,0.3572,M07_H16,0.868,-3.1401,Moderate_Spoilage_Risk
Groundnut,22.41,48.9,847.0,0.991,10.943,0.112,0.867,0.1993,0.2196,M07_H00,0.881,2.3921,Low_Spoilage_Risk
Chickpea,21.29,35.24,656.9,4.585,-15.73,-0.046,0.878,0.221,0.237,M11_H14,0.45,2.1521,Low_Spoilage_Risk
Jute_Seed,27.72,43.74,794.8,0.662,-9.606,0.147,0.86,0.1366,0.1878,M04_H19,0.921,1.7435,Low_Spoilage_Risk
Lentil,19.61,50.88,575.2,2.38,-13.599,0.66,0.895,0.0916,0.1374,M04_H04,0.714,-1.5029,Safe
Rice_Processed,17.61,39.45,440.0,0.156,2.975,-0.738,0.913,0.0591,0.0517,M01_H09,0.981,0.0416,Safe
Jute_Seed,31.95,44.91,919.6,3.23,-10.27,1.6,0.942,0.3396,0.3545,M12_H22,0.612,-0.622,Moderate_Spoilage_Risk
Rice_Processed,37.77,47.94,979.4,3.07,4.291,-0.721,0.895,0.5058,0.548,M09_H05,0.632,4.7521,High_Spoilage_Risk
Potato,25.15,99,1043.4,1.921,20.721,0.376,0.753,0.8444,0.8617,M06_H12,0.536,3.5706,Critical_Spoilage
Mustard_Seed,33.69,58.57,879.9,4.78,0.914,0.247,0.892,0.482,0.5144,M11_H20,0.426,6.1867,High_Spoilage_Risk
Rice_Processed,39.82,60.62,1172.7,0.453,6.134,-0.161,0.833,0.3975,0.3949,M04_H17,0.946,1.1945,Moderate_Spoilage_Risk
Groundnut,24.16,51.07,484.7,3.505,-8.634,1.22,0.862,0.1441,0.1693,M03_H19,0.579,-2.1059,Low_Spoilage_Risk
Rice_Processed,33.55,61.33,562.2,0.89,5.547,0.085,0.828,0.1495,0.1365,M04_H13,0.893,0.1043,Safe
Lentil,27.31,56.86,445.6,2.318,4.492,1.413,0.939,0.1886,0.227,M01_H00,0.722,3.581,Low_Spoilage_Risk
Onion,13.12,68.11,917.2,4.374,-2.924,-1.776,0.856,0.2593,0.2982,M09_H13,0.475,4.3285,Low_Spoilage_Risk
Rice_Processed,31.9,72.92,972.5,0.462,14.47,1.076,0.892,0.3691,0.4293,M08_H04,0.945,0.6119,Moderate_Spoilage_Risk
Onion,10.03,91.39,1400.7,0.881,11.166,0.84,0.554,0.6475,0.6433,M07_H12,0.788,3.9535,High_Spoilage_Risk
Rice_Processed,23.63,44.6,605.1,0.923,-16.284,-0.665,0.943,0.0699,0.0571,M03_H02,0.889,-0.3866,Safe
Maize,19.02,55.84,859.6,4.588,-14.163,-1.209,0.826,0.2509,0.2874,M05_H09,0.449,0.2144,Low_Spoilage_Risk
Jute_Seed,11.95,80.97,1220.6,0.248,6.828,0.775,0.903,0.588,0.5887,M06_H01,0.97,3.8941,High_Spoilage_Risk
Jute_Seed,34.89,56.31,526.6,0.481,-10.457,-0.935,0.917,0.1547,0.1792,M07_H12,0.942,2.2555,Low_Spoilage_Risk
Maize,30.61,66.94,649.9,1.043,9.206,0.647,0.855,0.2058,0.2506,M10_H03,0.875,3.6984,Low_Spoilage_Risk
Onion,8.32,79.37,670.0,0.824,2.299,1.318,0.925,0.1672,0.2104,M10_H20,0.901,-3.0406,Low_Spoilage_Risk
Wheat,27.69,56.8,789.0,4.384,5.934,0.848,0.845,0.3576,0.3771,M01_H12,0.474,0.8469,Moderate_Spoilage_Risk
Potato,4.1,99,905.6,1.344,-9.008,0.293,0.802,0.5349,0.5602,M08_H18,0.605,4.0244,High_Spoilage_Risk
Potato,13.36,99,515.8,2.824,3.832,0.204,0.583,0.5569,0.6025,M06_H18,0.428,2.4014,High_Spoilage_Risk
Lentil,22.66,42.73,642.1,0.472,7.508,0.698,0.973,0.0338,0.0464,M09_H22,0.943,2.5368,Safe
Jute_Seed,38.88,51.39,1132.2,0.717,8.203,-0.429,0.957,0.4282,0.4707,M06_H04,0.914,-0.7704,Moderate_Spoilage_Risk
Groundnut,26.18,50.22,899.8,4.843,-10.316,0.383,0.992,0.3388,0.3439,M06_H16,0.419,-1.8971,Moderate_Spoilage_Risk
Lentil,25.86,66.37,909.1,1.968,-12.671,0.461,0.852,0.3724,0.3693,M06_H02,0.764,1.4575,Moderate_Spoilage_Risk
Maize,22.05,59.22,453.4,1.101,-2.862,1.762,0.928,0.0619,0.1062,M07_H07,0.868,1.0696,Safe
Sugarcane_Ratoon,30.44,66.14,785.3,4.611,-5.876,1.694,0.951,0.1991,0.239,M09_H20,0.447,-0.1399,Low_Spoilage_Risk
Jute_Seed,28.84,56.29,768.6,1.071,7.051,0.889,0.828,0.0881,0.0794,M11_H02,0.871,0.7166,Safe
Rice_Paddy,17.82,53.35,879.1,0.227,0.779,0.889,0.959,0.1521,0.1425,M02_H18,0.973,0.857,Safe
Maize,30.07,77.09,654.7,2.273,4.991,0.188,0.924,0.5171,0.5178,M09_H23,0.727,1.6453,High_Spoilage_Risk
Onion,-2,75.48,472.0,0.901,-3.935,0.21,0.979,0.1337,0.1688,M10_H23,0.892,-1.5441,Low_Spoilage_Risk
Garlic,0.19,72.74,561.5,3.585,-4.637,1.325,0.916,0.3318,0.3664,M06_H07,0.57,0.9344,Moderate_Spoilage_Risk
Sugarcane_Ratoon,40.47,90.7,756.9,0.663,11.836,0.095,0.59,0.6429,0.6699,M06_H02,0.825,5.0112,High_Spoilage_Risk
Potato,13.46,84.42,467.7,1.258,-11.39,-0.693,0.914,0.1539,0.1867,M11_H03,0.849,0.3523,Low_Spoilage_Risk
Rice_Processed,12.47,78.37,529.4,4.275,2.244,-0.073,0.932,0.582,0.5608,M06_H21,0.487,-0.3052,High_Spoilage_Risk
Chickpea,39.35,67.09,1002.8,3.796,6.882,0.013,0.947,0.6368,0.6979,M09_H13,0.544,2.8646,High_Spoilage_Risk
Garlic,7.09,79.38,1081.3,4.405,3.702,1.139,0.89,0.5459,0.5626,M07_H23,0.471,-2.0156,High_Spoilage_Risk
Rice_Paddy,11.28,83.8,1195.8,2.189,7.031,1.443,0.811,0.7283,0.7401,M11_H16,0.737,3.3613,Critical_Spoilage
Rice_Processed,12.56,58.76,571.0,2.783,1.726,0.28,0.858,0.1438,0.183,M01_H17,0.666,-0.1732,Low_Spoilage_Risk
Groundnut,35.67,52.88,1004.5,2.701,15.422,-0.384,0.946,0.5358,0.5778,M07_H10,0.676,2.7707,High_Spoilage_Risk
Onion,14.42,74.45,521.7,3.208,-5.374,0.821,0.918,0.2006,0.2325,M04_H17,0.615,3.216,Low_Spoilage_Risk
Sugarcane_Ratoon,32.1,87.58,1110.3,0.698,6.488,1.247,0.776,0.4886,0.5307,M08_H09,0.873,-1.0491,High_Spoilage_Risk
Maize,19.26,67.45,509.9,3.051,11.656,-0.458,0.936,0.1387,0.1613,M12_H21,0.634,3.4235,Low_Spoilage_Risk
Rice_Paddy,15.39,77.47,785.6,3.815,16.504,-0.171,0.908,0.4937,0.4852,M05_H17,0.542,-1.9366,Moderate_Spoilage_Risk
Rice_Paddy,24.52,80.76,1133.4,1.391,0.051,0.357,0.775,0.6299,0.6648,M11_H10,0.833,4.5258,High_Spoilage_Risk
Jute_Seed,37.87,35.7,896.9,4.792,7.335,-0.134,0.976,0.5363,0.5346,M12_H02,0.425,-1.2226,High_Spoilage_Risk
Rice_Processed,8.15,77.2,588.7,2.337,15.348,1.151,0.999,0.5256,0.5778,M01_H03,0.72,0.8117,High_Spoilage_Risk
Potato,21.33,98.36,1562.0,2.634,7.302,-0.142,0.702,0.9723,0.9658,M08_H00,0.461,1.5214,Critical_Spoilage
Jute_Seed,16.15,77.17,817.7,4.599,7.471,0.354,0.988,0.5477,0.582,M09_H04,0.448,1.7115,High_Spoilage_Risk
Rice_Processed,11.4,48.76,461.8,4.795,-11.359,-0.602,0.939,0.2053,0.1917,M11_H16,0.425,3.1674,Low_Spoilage_Risk
Chickpea,27.83,66.64,967.3,2.182,-2.005,-0.937,0.87,0.336,0.3231,M06_H14,0.738,-1.7103,Moderate_Spoilage_Risk
Rice_Paddy,35.37,44.54,675.6,1.396,7.107,-1.032,0.841,0.3605,0.3527,M01_H07,0.832,1.4239,Moderate_Spoilage_Risk
Wheat,36.53,62.09,775.0,3.229,13.825,1.586,0.84,0.4475,0.47,M06_H05,0.613,2.4555,Moderate_Spoilage_Risk
Wheat,20.35,48.74,384.0,2.623,2.289,0.252,0.895,0.1548,0.1998,M08_H01,0.685,-2.4768,Low_Spoilage_Risk
Soybean,29.81,75.16,1109.1,4.551,8.972,1.615,0.857,0.8814,0.8883,M05_H09,0.454,-0.59,Critical_Spoilage
Wheat,38.82,59.14,1150.1,0.543,5.784,-0.002,0.918,0.4355,0.4354,M05_H19,0.935,-1.801,Moderate_Spoilage_Risk
Groundnut,11.0,62.9,542.9,3.394,-4.824,-0.58,0.917,0.1366,0.1625,M11_H22,0.593,0.6889,Low_Spoilage_Risk
Black_Gram,25.02,77.68,974.8,0.387,2.623,0.612,0.985,0.5071,0.5449,M06_H09,0.954,1.2203,High_Spoilage_Risk
Soybean,4.15,37.28,772.2,2.984,-7.638,0.793,0.841,0.2574,0.3053,M01_H02,0.642,0.8718,Low_Spoilage_Risk
Groundnut,28.3,63.3,974.5,0.257,11.251,-0.102,0.903,0.3306,0.3902,M05_H11,0.969,2.518,Moderate_Spoilage_Risk
Soybean,23.08,64.5,658.5,0.883,-5.581,1.417,0.842,0.0552,0.0843,M07_H19,0.894,-0.4526,Safe
Soybean,27.91,61.58,660.7,2.255,-9.399,0.452,0.886,0.2119,0.2104,M04_H11,0.729,1.942,Low_Spoilage_Risk
Chickpea,33.56,66.43,843.3,3.814,17.137,0.536,0.968,0.5738,0.5659,M10_H17,0.542,0.2382,High_Spoilage_Risk
Rice_Paddy,38.17,63.14,1024.7,1.874,11.535,-0.007,0.975,0.4555,0.4481,M03_H07,0.775,-1.9994,Moderate_Spoilage_Risk
Onion,10.54,92.11,707.8,1.686,12.843,-0.032,0.805,0.4781,0.5438,M07_H11,0.679,4.0219,High_Spoilage_Risk
Jute_Seed,17.4,61.5,715.9,1.511,2.117,0.01,0.953,0.1151,0.1485,M12_H08,0.819,2.3348,Safe
Garlic,13.84,73.65,530.8,2.616,-2.943,-0.32,0.994,0.2663,0.281,M11_H05,0.686,0.8688,Low_Spoilage_Risk
Black_Gram,29.76,63.01,738.2,3.788,3.262,-0.118,0.991,0.3391,0.3419,M05_H14,0.545,-0.5711,Moderate_Spoilage_Risk
Groundnut,22.83,40.48,747.4,2.082,4.707,0.941,0.987,0.173,0.1693,M12_H23,0.75,2.8943,Low_Spoilage_Risk
Wheat,36.76,78.4,1294.4,0.437,22.574,1.001,0.82,0.873,0.9034,M06_H10,0.948,2.7477,Critical_Spoilage
Potato,18.8,91.5,1255.7,1.851,4.933,-0.028,0.745,0.4353,0.4437,M01_H02,0.67,3.0579,Moderate_Spoilage_Risk
Wheat,34.32,60.95,778.4,4.672,-0.22,-0.419,0.869,0.4509,0.4702,M10_H02,0.439,4.0944,Moderate_Spoilage_Risk
Potato,-0.28,88.05,811.3,0.924,-9.599,-0.874,0.927,0.1713,0.1513,M06_H05,0.838,-0.3997,Low_Spoilage_Risk
Garlic,-0.48,79.84,652.2,0.122,-5.416,-0.321,0.877,0.3991,0.3863,M03_H22,0.985,4.1171,Moderate_Spoilage_Risk
Soybean,22.39,42.06,441.5,1.187,-9.847,-1.089,0.985,0.0771,0.1047,M01_H21,0.858,-0.2966,Safe
Black_Gram,37.38,69.31,806.3,3.403,17.064,1.472,0.966,0.6512,0.7114,M03_H16,0.592,2.122,High_Spoilage_Risk
Rice_Paddy,19.51,91.33,1528.6,2.747,18.688,0.827,0.803,0.6952,0.7134,M06_H04,0.565,1.2123,Critical_Spoilage
Groundnut,19.06,57.71,738.2,4.36,-0.302,0.421,0.979,0.1971,0.2065,M03_H02,0.477,1.8241,Low_Spoilage_Risk
Sugarcane_Ratoon,13.19,60.33,535.0,3.796,-4.686,-1.548,0.907,0.1626,0.1727,M09_H01,0.544,-0.294,Low_Spoilage_Risk
Black_Gram,20.02,39.62,576.5,2.75,-2.327,-0.29,0.944,0.177,0.2274,M02_H15,0.67,0.6103,Low_Spoilage_Risk
Rice_Processed,7.72,44.65,596.6,0.706,-3.214,1.244,0.822,0.1176,0.0982,M01_H21,0.915,0.8399,Safe
Rice_Paddy,24.47,60.8,603.1,4.787,-5.73,0.436,0.964,0.1417,0.1214,M11_H10,0.426,-0.6813,Safe
Mustard_Seed,35.63,53.97,1121.7,4.877,7.8,-0.158,0.949,0.5362,0.5438,M07_H00,0.415,1.0302,High_Spoilage_Risk
Soybean,19.9,73.79,1080.4,0.668,10.423,-0.358,0.952,0.5785,0.6342,M12_H05,0.92,1.5459,High_Spoilage_Risk
Jute_Seed,14.69,38.96,852.6,4.348,11.042,1.176,0.867,0.2554,0.2411,M05_H21,0.478,0.7935,Low_Spoilage_Risk
Rice_Paddy,13.8,65.12,406.7,3.827,-2.583,-0.417,0.868,0.1729,0.1768,M01_H07,0.541,-2.4964,Low_Spoilage_Risk
Mustard_Seed,40.95,81.47,1136.4,4.118,36.254,0.086,0.894,0.9359,1.0,M08_H13,0.506,6.1746,Critical_Spoilage
Black_Gram,36.24,35.18,857.6,2.179,-1.316,1.113,0.963,0.4388,0.4817,M02_H14,0.739,-0.8291,Moderate_Spoilage_Risk
Garlic,13.62,79.79,688.2,4.557,16.666,-1.63,0.91,0.5139,0.5688,M02_H05,0.453,0.968,High_Spoilage_Risk
Black_Gram,41.05,60.24,890.9,0.414,15.816,-0.952,0.982,0.3684,0.4155,M11_H12,0.95,2.2533,Moderate_Spoilage_Risk
Groundnut,36.23,71.89,1270.2,2.287,27.984,0.935,0.871,0.9239,0.9753,M07_H17,0.726,1.605,Critical_Spoilage
Wheat,15.4,45.5,414.1,4.699,-16.361,-0.842,0.991,0.1955,0.2221,M08_H11,0.436,-3.1639,Low_Spoilage_Risk
Rice_Paddy,42.07,66.99,1372.5,2.063,4.233,1.007,0.83,0.5185,0.5538,M08_H10,0.752,3.1409,High_Spoilage_Risk
Soybean,21.44,50.27,436.4,1.072,-12.921,0.086,0.845,0.0556,0.0675,M01_H12,0.871,-0.6617,Safe
Jute_Seed,10.91,59.47,520.2,3.203,-2.157,0.719,0.936,0.1476,0.1391,M07_H00,0.616,-2.368,Safe
Chickpea,27.18,67.94,618.4,4.721,0.083,-0.759,0.928,0.3274,0.3205,M08_H13,0.433,1.1689,Moderate_Spoilage_Risk
Rice_Paddy,30.7,70.06,506.2,3.203,-10.552,1.302,0.859,0.2235,0.2331,M06_H11,0.616,1.0,Low_Spoilage_Risk
Chickpea,35.44,78.99,1346.1,1.851,6.884,0.648,0.986,0.9155,0.9823,M08_H11,0.778,5.2908,Critical_Spoilage
Maize,26.31,83.2,930.9,0.191,1.528,-0.386,0.751,0.5328,0.5799,M09_H18,0.977,2.8792,High_Spoilage_Risk
Onion,3.79,85.36,689.0,3.372,19.424,-0.281,0.723,0.4704,0.5235,M06_H22,0.589,1.3106,High_Spoilage_Risk
Lentil,29.59,45.49,587.9,0.958,1.493,0.466,0.935,0.2951,0.2784,M03_H07,0.885,1.5741,Low_Spoilage_Risk
Sugarcane_Ratoon,37.7,72.36,792.8,1.001,-3.147,-0.091,0.931,0.3287,0.3459,M08_H07,0.88,1.067,Moderate_Spoilage_Risk
Chickpea,42.71,61.37,1456.9,3.856,15.993,0.476,0.882,0.6009,0.6434,M04_H17,0.537,2.0358,High_Spoilage_Risk
Groundnut,7.37,48.88,495.2,1.608,-19.254,1.182,0.968,0.1137,0.1317,M08_H00,0.807,-0.1933,Safe
Mustard_Seed,31.05,68.87,1105.5,2.927,11.402,0.716,0.916,0.8802,0.8689,M11_H21,0.649,1.3623,Critical_Spoilage
Rice_Processed,23.54,50.58,769.2,1.87,6.698,1.2,0.909,0.1249,0.1355,M05_H15,0.776,-1.097,Safe
Maize,20.13,58.58,747.4,0.86,3.249,-1.127,0.914,0.0719,0.0801,M07_H02,0.897,0.0828,Safe
Maize,12.61,80.46,899.5,1.368,8.209,-0.243,0.883,0.569,0.5672,M05_H16,0.836,-1.0527,High_Spoilage_Risk
Sugarcane_Ratoon,29.06,94.04,1286.9,4.622,10.669,1.805,0.519,0.7004,0.7153,M07_H04,0.295,3.093,Critical_Spoilage
Maize,17.68,64.35,725.9,4.777,-6.172,0.382,0.964,0.1976,0.2455,M07_H02,0.427,1.3879,Low_Spoilage_Risk
Lentil,30.21,48.77,494.6,2.633,8.351,0.601,0.827,0.3665,0.4025,M07_H10,0.684,-2.6918,Moderate_Spoilage_Risk
Onion,22.54,67.74,1334.4,0.598,19.497,-0.569,0.867,0.4088,0.4585,M12_H13,0.928,1.0341,Moderate_Spoilage_Risk
Potato,18.57,83.5,1249.8,0.72,6.472,0.588,0.702,0.4323,0.4884,M12_H19,0.914,3.94,Moderate_Spoilage_Risk
Rice_Processed,32.25,59.38,902.2,4.839,6.968,-0.375,0.844,0.2846,0.3228,M04_H20,0.419,-1.7648,Moderate_Spoilage_Risk
Wheat,34.67,61.56,585.0,0.242,4.003,0.211,0.889,0.2529,0.2611,M10_H07,0.971,0.9219,Low_Spoilage_Risk
Rice_Paddy,33.14,76.04,1055.8,2.818,10.073,0.046,0.98,0.6784,0.677,M09_H22,0.662,2.4193,High_Spoilage_Risk
Rice_Paddy,30.25,72.79,880.6,1.788,11.372,-0.873,0.994,0.345,0.3975,M07_H18,0.785,-0.2303,Moderate_Spoilage_Risk
Chickpea,33.81,49.42,933.3,1.686,8.587,0.528,0.877,0.4228,0.4545,M05_H12,0.798,2.9576,Moderate_Spoilage_Risk
Wheat,34.44,55.12,780.5,2.846,5.657,-0.092,0.962,0.4207,0.4404,M02_H23,0.658,1.7498,Moderate_Spoilage_Risk
Lentil,25.17,74.06,1078.1,1.869,11.456,1.526,0.922,0.5892,0.6007,M10_H23,0.776,2.3685,High_Spoilage_Risk
Sugarcane_Ratoon,40.45,68.16,1069.2,1.925,11.677,-0.13,0.892,0.4359,0.4185,M06_H09,0.769,1.5866,Moderate_Spoilage_Risk
Potato,9.17,81.38,403.3,0.941,0.016,-0.572,0.826,0.0944,0.1256,M11_H12,0.887,4.0895,Safe
Potato,14.81,77.08,577.5,2.114,9.574,1.142,0.945,0.203,0.1969,M03_H13,0.746,-1.2419,Low_Spoilage_Risk
Sugarcane_Ratoon,32.35,71.08,606.2,1.71,-1.689,-0.896,0.904,0.1262,0.151,M10_H07,0.795,1.9285,Safe
Maize,11.18,78.68,791.9,3.031,-2.647,1.032,0.856,0.5488,0.5959,M09_H20,0.636,1.4541,High_Spoilage_Risk
Jute_Seed,27.7,78.01,849.6,3.586,6.23,1.475,0.988,0.5739,0.566,M03_H16,0.57,0.8057,High_Spoilage_Risk
Potato,3.23,99,1054.2,0.318,-3.27,0.82,0.648,0.5474,0.5412,M01_H21,0.729,1.883,High_Spoilage_Risk
Wheat,10.04,56.78,498.3,3.433,-3.491,0.285,0.915,0.1222,0.149,M10_H22,0.588,-1.3001,Safe
Lentil,23.48,58.69,646.6,3.529,3.064,-0.303,0.865,0.1557,0.2144,M03_H13,0.577,3.8076,Low_Spoilage_Risk
Soybean,19.86,63.91,615.1,2.203,-3.9,-0.161,0.917,0.0954,0.1043,M04_H10,0.736,0.4336,Safe
Chickpea,11.81,66.02,569.6,0.668,-0.202,0.363,0.921,0.1347,0.1675,M10_H21,0.92,6.3982,Low_Spoilage_Risk
Maize,12.16,55.75,375.5,4.051,0.158,-0.117,0.85,0.1325,0.1634,M08_H16,0.514,-2.2442,Low_Spoilage_Risk
Maize,24.11,68.31,788.1,3.339,-12.24,-0.116,0.91,0.1943,0.2077,M03_H12,0.599,-1.6295,Low_Spoilage_Risk
Rice_Paddy,32.69,78.85,975.6,1.33,3.982,0.511,0.934,0.6802,0.6643,M05_H19,0.84,1.158,High_Spoilage_Risk
Wheat,22.63,71.91,771.2,0.153,-1.645,-1.438,0.923,0.3575,0.3615,M11_H20,0.982,1.9299,Moderate_Spoilage_Risk
Lentil,31.89,71.46,956.3,4.659,20.305,0.808,0.94,0.7846,0.8069,M08_H11,0.441,-1.6626,Critical_Spoilage
Maize,10.9,52.04,460.5,1.623,-5.536,-0.257,0.927,0.1191,0.1158,M12_H07,0.805,-3.6051,Safe
Chickpea,10.48,73.77,907.0,0.558,9.348,0.39,0.954,0.4415,0.4476,M11_H18,0.933,3.8783,Moderate_Spoilage_Risk
Onion,-1.83,61.14,445.4,0.521,6.512,0.941,0.994,0.1425,0.175,M11_H06,0.937,0.7184,Low_Spoilage_Risk
Groundnut,36.66,71.21,1286.8,3.285,27.574,-0.348,0.884,0.969,1.0,M08_H08,0.606,1.9233,Critical_Spoilage
Chickpea,7.53,38.3,674.5,4.44,9.127,-0.819,0.836,0.268,0.271,M08_H01,0.467,1.9755,Low_Spoilage_Risk
Groundnut,32.41,48.06,757.4,3.242,-5.441,-0.145,0.893,0.4883,0.4981,M06_H07,0.611,1.8911,Moderate_Spoilage_Risk
Chickpea,28.09,44.53,702.7,2.302,-4.334,-0.595,0.849,0.1734,0.2158,M01_H15,0.724,-1.8241,Low_Spoilage_Risk
Lentil,10.06,68.03,924.6,2.492,-0.837,-0.64,0.891,0.4075,0.4134,M12_H00,0.701,-0.8488,Moderate_Spoilage_Risk
Onion,12.86,81.03,913.4,3.842,15.594,-0.37,0.907,0.4499,0.4667,M12_H04,0.539,-0.222,Moderate_Spoilage_Risk
Lentil,22.47,44.95,399.3,4.079,-21.178,-0.028,0.988,0.152,0.1947,M02_H08,0.511,2.337,Low_Spoilage_Risk
Groundnut,33.07,49.53,1174.5,0.514,-2.085,1.131,0.848,0.5298,0.5515,M12_H06,0.938,1.7667,High_Spoilage_Risk
Maize,13.67,62.05,495.4,2.663,-6.756,0.105,0.942,0.1262,0.1516,M02_H18,0.68,-1.2787,Safe
Garlic,19.63,61.72,1228.9,0.611,5.679,-0.768,0.881,0.3385,0.3125,M09_H18,0.927,-0.4275,Moderate_Spoilage_Risk
Rice_Paddy,45.06,63.57,1061.7,4.294,7.542,-0.593,0.905,0.5735,0.59,M07_H14,0.485,3.2054,High_Spoilage_Risk
Rice_Processed,39.16,63.26,981.0,1.485,12.811,-0.367,0.881,0.3967,0.4004,M01_H16,0.822,-0.8798,Moderate_Spoilage_Risk
Garlic,15.48,66.84,1103.7,2.21,-3.86,-0.457,0.956,0.3168,0.3535,M06_H07,0.735,2.7132,Moderate_Spoilage_Risk
Mustard_Seed,26.39,44.82,486.2,1.135,-8.305,0.288,0.871,0.1504,0.1879,M10_H19,0.864,-1.0091,Low_Spoilage_Risk
Sugarcane_Ratoon,16.88,82.21,527.9,3.104,-14.985,0.854,0.739,0.2513,0.2475,M03_H17,0.628,-0.802,Low_Spoilage_Risk
Rice_Paddy,19.62,73.11,719.0,3.226,0.037,0.885,0.949,0.2655,0.3001,M03_H03,0.613,0.9799,Low_Spoilage_Risk
Chickpea,29.68,61.19,659.7,2.386,11.221,-0.142,0.929,0.2678,0.2511,M03_H03,0.714,-0.2031,Low_Spoilage_Risk
Lentil,24.85,68.44,791.4,2.247,-4.965,1.202,0.945,0.3766,0.3712,M12_H03,0.73,3.2647,Moderate_Spoilage_Risk
Rice_Paddy,34.22,82.77,1470.0,1.129,7.094,0.427,0.895,0.8827,0.9034,M03_H01,0.865,3.0379,Critical_Spoilage
Lentil,16.59,42.71,657.5,2.224,-9.107,-0.433,0.988,0.1362,0.1446,M11_H03,0.733,-2.2704,Safe
Soybean,11.61,72.24,495.7,0.747,12.331,0.598,0.906,0.3627,0.4189,M06_H15,0.91,1.1385,Moderate_Spoilage_Risk
Rice_Paddy,29.02,68.02,565.1,1.378,-5.338,-0.608,0.936,0.0898,0.1342,M10_H19,0.835,0.0322,Safe
Lentil,30.18,62.04,911.4,3.616,-7.3,-0.555,0.997,0.5346,0.5505,M09_H22,0.566,-1.1134,High_Spoilage_Risk
Onion,4.47,79.94,1086.1,4.627,13.508,1.577,0.975,0.4195,0.412,M01_H05,0.445,2.0969,Moderate_Spoilage_Risk
Mustard_Seed,25.1,46.63,801.0,0.705,-7.271,0.336,0.976,0.1113,0.166,M12_H15,0.915,1.2828,Safe
Lentil,14.95,34.73,665.3,2.232,6.993,-1.194,0.973,0.1598,0.1692,M10_H05,0.732,-1.3714,Low_Spoilage_Risk
Maize,31.32,47.38,540.3,1.035,6.292,-1.13,0.907,0.2472,0.2445,M12_H21,0.876,0.7525,Low_Spoilage_Risk
Wheat,35.71,80.08,1359.6,4.327,28.509,0.424,0.752,0.9821,0.9842,M07_H00,0.481,0.1999,Critical_Spoilage
Rice_Processed,21.51,66.86,401.8,3.346,-9.816,0.453,0.973,0.1509,0.156,M10_H03,0.598,1.2158,Low_Spoilage_Risk
Garlic,2.72,51.57,684.8,2.076,-0.652,-0.247,0.943,0.1646,0.1527,M01_H10,0.751,2.1145,Low_Spoilage_Risk
Sugarcane_Ratoon,24.71,53.43,906.9,1.265,3.117,0.288,0.963,0.151,0.1604,M04_H18,0.848,-4.8855,Low_Spoilage_Risk
Potato,14.35,89.01,986.3,1.973,-6.891,-0.232,0.725,0.2269,0.2198,M11_H07,0.696,-1.3492,Low_Spoilage_Risk
Onion,15.11,70.87,814.9,3.897,1.064,-0.899,0.971,0.263,0.3045,M04_H21,0.532,0.1719,Low_Spoilage_Risk
Black_Gram,15.35,70.1,654.2,3.14,-2.785,1.435,0.85,0.3679,0.3495,M04_H20,0.623,-1.3064,Moderate_Spoilage_Risk
Groundnut,33.98,76.79,1024.1,0.922,22.243,1.08,0.965,0.838,0.884,M09_H02,0.889,0.4527,Critical_Spoilage
Lentil,24.68,42.04,701.5,4.215,-7.241,-0.369,0.867,0.1745,0.1823,M02_H15,0.494,1.0913,Low_Spoilage_Risk
Wheat,36.48,77.87,1391.7,0.75,16.721,-0.447,0.821,0.8973,0.9408,M05_H10,0.91,2.2676,Critical_Spoilage
Soybean,28.04,52.35,486.5,2.628,-9.07,-1.728,0.913,0.2106,0.1995,M12_H17,0.685,4.0135,Low_Spoilage_Risk
Rice_Processed,17.26,73.4,579.8,4.914,9.264,1.628,0.935,0.3815,0.4024,M04_H20,0.41,3.2066,Moderate_Spoilage_Risk
Soybean,6.09,59.51,460.3,3.745,6.333,0.402,0.874,0.1691,0.1461,M08_H05,0.551,-0.7211,Low_Spoilage_Risk
Potato,15.73,83.22,439.9,0.97,2.239,0.651,0.945,0.1808,0.2418,M11_H03,0.884,3.6794,Low_Spoilage_Risk
Soybean,13.49,48.22,677.3,1.412,13.745,-0.764,0.821,0.1098,0.104,M06_H23,0.831,0.5443,Safe
Mustard_Seed,34.8,66.94,1215.8,3.717,-2.024,-0.059,0.872,0.8344,0.861,M12_H07,0.554,3.8146,Critical_Spoilage
Maize,23.58,49.38,896.9,0.934,-11.963,-0.123,0.915,0.188,0.2323,M12_H05,0.888,-0.1383,Low_Spoilage_Risk
Wheat,6.18,49.61,683.6,0.28,-1.259,0.72,0.971,0.1187,0.1623,M10_H20,0.966,-2.3569,Safe
Wheat,17.37,49.43,517.8,2.12,0.587,0.065,0.914,0.1351,0.1171,M09_H09,0.746,0.2417,Safe
Rice_Processed,25.97,47.05,731.1,2.903,-10.568,0.475,0.86,0.1938,0.2382,M08_H09,0.652,2.9939,Low_Spoilage_Risk
Black_Gram,17.86,76.59,574.1,2.646,1.395,-0.026,0.892,0.4908,0.5145,M07_H06,0.682,-2.0475,High_Spoilage_Risk
Sugarcane_Ratoon,35.87,72.44,1214.3,3.861,2.761,1.263,0.825,0.4731,0.5356,M11_H08,0.537,4.6751,High_Spoilage_Risk
Sugarcane_Ratoon,39.45,84.0,835.6,3.572,7.586,0.249,0.943,0.6031,0.5991,M02_H03,0.571,-0.3828,High_Spoilage_Risk
Rice_Paddy,27.64,60.59,501.4,0.574,-8.365,-0.197,0.931,0.0129,0.0578,M06_H16,0.931,1.9067,Safe
Potato,18.24,81.2,1288.3,1.326,-0.165,1.723,0.95,0.4718,0.477,M01_H19,0.841,2.1408,Moderate_Spoilage_Risk
Black_Gram,11.0,53.64,464.7,0.879,-1.026,-2.331,0.927,0.0407,0.0874,M08_H09,0.895,-0.5033,Safe
Garlic,5.14,72.04,499.6,4.81,-5.339,-0.096,0.994,0.2291,0.2446,M03_H04,0.423,-1.298,Low_Spoilage_Risk
Lentil,27.94,54.86,511.6,3.005,0.802,0.144,0.89,0.2535,0.2553,M11_H04,0.639,1.209,Low_Spoilage_Risk
Potato,24.75,98.56,1468.8,2.622,8.191,-0.056,0.666,0.9463,0.9951,M04_H09,0.459,0.0945,Critical_Spoilage
Groundnut,26.86,72.3,600.3,4.928,16.402,0.48,0.886,0.6586,0.6754,M05_H08,0.409,1.106,High_Spoilage_Risk
Potato,10.65,95.19,645.0,4.739,-10.96,0.568,0.698,0.1889,0.1784,M02_H04,0.261,-1.209,Low_Spoilage_Risk
Soybean,25.39,57.49,386.8,4.917,-16.4,0.978,0.845,0.1494,0.1394,M01_H03,0.41,0.9521,Safe
Sugarcane_Ratoon,30.52,66.33,620.2,1.805,-15.842,-0.244,0.992,0.093,0.1148,M01_H09,0.783,-3.0525,Safe
Rice_Paddy,30.6,84.85,1460.3,3.759,7.404,0.642,0.811,0.8506,0.9038,M08_H17,0.549,-0.877,Critical_Spoilage
Soybean,5.71,46.82,765.1,2.423,-9.568,0.62,0.821,0.2211,0.2397,M09_H20,0.709,1.8955,Low_Spoilage_Risk
Garlic,15.52,84.62,1493.5,0.498,26.705,0.578,0.736,0.6984,0.7711,M03_H20,0.94,3.9116,Critical_Spoilage
Jute_Seed,26.58,65.76,527.2,3.751,-12.019,0.051,0.851,0.1788,0.2201,M05_H08,0.55,-0.9835,Low_Spoilage_Risk
Rice_Paddy,35.21,63.42,886.2,2.185,4.027,-0.717,0.865,0.4195,0.4098,M04_H12,0.738,0.4972,Moderate_Spoilage_Risk
Jute_Seed,34.14,46.27,832.5,1.187,-5.632,0.53,0.951,0.3,0.3157,M12_H04,0.858,4.1477,Moderate_Spoilage_Risk
Wheat,9.36,56.35,788.8,1.314,-8.197,0.228,0.984,0.1418,0.1582,M04_H18,0.842,4.3427,Low_Spoilage_Risk
Potato,14.19,87.55,763.1,4.966,-15.63,-0.873,0.811,0.2183,0.2581,M02_H07,0.362,0.9597,Low_Spoilage_Risk
Chickpea,39.15,53.24,1069.4,0.809,10.305,-0.085,0.866,0.385,0.4402,M01_H07,0.903,3.5335,Moderate_Spoilage_Risk
Sugarcane_Ratoon,16.67,73.62,669.8,2.973,1.645,0.832,0.952,0.1391,0.1824,M03_H10,0.643,-3.0816,Low_Spoilage_Risk
Maize,6.12,57.21,836.2,0.419,9.483,1.289,0.933,0.1262,0.1589,M10_H03,0.95,-1.5826,Safe
Sugarcane_Ratoon,39.63,68.05,789.5,2.713,13.853,0.655,0.977,0.3896,0.441,M08_H08,0.674,1.7399,Moderate_Spoilage_Risk
Lentil,29.38,62.8,769.0,3.551,16.635,2.285,0.859,0.4889,0.523,M12_H08,0.574,-1.1967,High_Spoilage_Risk
Groundnut,25.72,57.44,639.1,3.887,-8.808,0.799,0.9,0.2001,0.2436,M10_H02,0.534,-0.8561,Low_Spoilage_Risk
Sugarcane_Ratoon,23.07,68.24,445.7,1.771,-10.755,-0.187,0.836,0.0711,0.0619,M05_H22,0.787,0.4819,Safe
Sugarcane_Ratoon,40.08,96.26,1268.8,3.762,22.137,1.349,0.544,0.9619,1.0,M03_H15,0.361,2.7549,Critical_Spoilage
Groundnut,33.29,66.92,672.4,1.393,14.113,-0.323,0.849,0.4665,0.5238,M02_H02,0.833,-0.1782,High_Spoilage_Risk
Potato,15.63,93.2,988.4,0.856,4.318,0.983,0.721,0.2216,0.2575,M10_H09,0.761,-5.127,Low_Spoilage_Risk
Potato,6.98,96.36,560.4,4.227,-2.738,-1.437,0.557,0.4247,0.4646,M03_H18,0.303,1.9428,Moderate_Spoilage_Risk
Rice_Paddy,25.91,65.88,570.9,0.241,0.004,-0.408,0.881,0.0249,0.0535,M02_H08,0.971,0.8432,Safe
Maize,26.93,68.93,866.7,3.458,-12.473,-0.573,0.9,0.2074,0.2543,M11_H07,0.585,-0.3196,Low_Spoilage_Risk
Potato,16.71,89.71,1058.7,2.565,-0.818,0.185,0.838,0.3407,0.366,M10_H15,0.614,2.499,Moderate_Spoilage_Risk
Onion,8.94,73.91,471.5,4.577,9.938,0.592,0.822,0.1631,0.1786,M10_H05,0.451,-2.2531,Low_Spoilage_Risk
Soybean,25.93,83.37,1099.7,4.908,8.106,0.984,0.948,0.7424,0.7581,M09_H11,0.411,2.142,Critical_Spoilage
Lentil,26.47,70.46,722.4,4.996,-4.62,0.739,0.828,0.5363,0.5585,M08_H11,0.4,3.7175,High_Spoilage_Risk
Onion,5.78,62.82,592.3,0.852,-2.949,0.196,0.953,0.0937,0.1254,M11_H01,0.898,-2.0808,Safe
Lentil,16.97,52.04,737.9,0.269,-5.121,1.011,0.83,0.0696,0.0501,M09_H00,0.968,-3.7668,Safe
Black_Gram,7.07,60.0,703.0,2.062,-16.359,0.259,0.851,0.1643,0.1862,M08_H00,0.753,-0.67,Low_Spoilage_Risk
Potato,23.33,97.53,1051.2,4.529,17.768,1.128,0.735,0.9193,0.9603,M09_H15,0.248,-1.9681,Critical_Spoilage
Maize,16.25,81.14,1185.8,0.354,12.731,0.442,0.759,0.6145,0.6477,M02_H10,0.958,3.8047,High_Spoilage_Risk
Chickpea,29.44,72.51,558.8,0.736,7.3,-0.268,0.895,0.4473,0.4376,M04_H00,0.912,-0.2635,Moderate_Spoilage_Risk
Sugarcane_Ratoon,15.54,69.63,537.0,0.922,-13.252,0.939,0.886,0.0406,0.0844,M10_H02,0.889,-0.3771,Safe
Mustard_Seed,27.03,61.84,561.7,2.368,17.266,-0.653,0.844,0.2808,0.3275,M09_H21,0.716,-0.2753,Moderate_Spoilage_Risk
Garlic,4.92,61.69,746.7,1.658,8.406,-0.26,0.973,0.0883,0.0679,M05_H00,0.801,-2.7598,Safe
Jute_Seed,18.18,55.65,535.3,3.929,1.833,-0.222,0.848,0.1652,0.139,M12_H04,0.529,-1.5479,Safe
Potato,21.59,87.91,1397.1,3.763,8.435,0.058,0.765,0.6015,0.639,M10_H13,0.5,0.2476,High_Spoilage_Risk
Rice_Processed,21.21,42.26,370.7,1.991,3.65,-0.23,0.979,0.1194,0.1219,M05_H06,0.761,-5.2426,Safe
Onion,17.37,65.74,560.9,3.558,-0.531,-0.168,0.86,0.2481,0.2938,M09_H13,0.573,0.3108,Low_Spoilage_Risk
Lentil,23.15,52.38,651.3,2.094,0.352,-0.676,0.997,0.1255,0.1075,M06_H21,0.749,-0.9318,Safe
Rice_Paddy,39.89,63.09,713.7,1.067,5.754,-1.082,0.938,0.3184,0.3551,M06_H11,0.872,-0.4423,Moderate_Spoilage_Risk
Mustard_Seed,23.87,43.51,609.9,2.743,6.395,-0.95,0.85,0.1576,0.1859,M09_H19,0.671,-6.4279,Low_Spoilage_Risk
Soybean,27.83,42.1,456.9,0.385,12.279,0.171,0.888,0.1438,0.1507,M04_H06,0.954,-0.8908,Safe
Garlic,21.35,87.52,886.0,1.078,24.263,0.232,0.784,0.6977,0.7196,M09_H23,0.829,2.5577,Critical_Spoilage
Rice_Paddy,19.89,87.07,1028.1,2.469,22.336,-0.623,0.767,0.6584,0.7228,M07_H05,0.669,2.9835,High_Spoilage_Risk
Rice_Processed,16.03,43.03,723.7,2.603,-12.862,-0.38,0.889,0.166,0.1884,M02_H21,0.688,0.5353,Low_Spoilage_Risk
Potato,19.13,97.06,1018.9,0.461,-0.845,0.63,0.813,0.7568,0.772,M01_H20,0.744,0.8785,Critical_Spoilage
Black_Gram,14.16,77.21,991.2,3.648,2.989,1.239,0.842,0.6359,0.6786,M10_H09,0.562,1.9441,High_Spoilage_Risk
Black_Gram,23.05,53.15,701.2,3.664,-3.076,-0.546,0.876,0.2046,0.2126,M10_H03,0.56,0.7315,Low_Spoilage_Risk
Black_Gram,34.71,46.26,577.7,2.229,-4.247,0.127,0.847,0.3684,0.4021,M04_H12,0.733,2.4064,Moderate_Spoilage_Risk
Groundnut,27.61,43.97,841.2,2.226,-19.578,-0.049,0.98,0.3428,0.3781,M12_H07,0.733,0.666,Moderate_Spoilage_Risk
Wheat,21.93,47.91,378.0,2.661,7.231,-0.655,0.852,0.1625,0.1893,M06_H14,0.681,1.2615,Low_Spoilage_Risk
Black_Gram,34.08,65.62,968.3,1.418,2.043,0.709,0.885,0.4971,0.5419,M11_H05,0.83,2.6837,High_Spoilage_Risk
Onion,26.75,93.33,1298.0,0.475,42.231,-0.121,0.691,0.8509,0.9348,M07_H11,0.804,5.5948,Critical_Spoilage
Rice_Processed,15.59,66.72,738.2,3.677,-3.623,0.648,0.923,0.1986,0.181,M03_H01,0.559,0.0499,Low_Spoilage_Risk
Soybean,22.34,42.11,853.1,0.698,-8.805,-0.308,0.883,0.1651,0.1412,M02_H01,0.916,0.0036,Low_Spoilage_Risk
Onion,21.68,84.76,1342.5,1.103,17.42,0.615,0.736,0.7366,0.7465,M12_H17,0.868,0.8496,Critical_Spoilage
Potato,24.5,99,1529.1,2.622,18.226,0.837,0.529,0.9709,1.0,M05_H15,0.452,3.2983,Critical_Spoilage
Garlic,2.14,81.84,659.9,4.517,13.433,0.337,0.782,0.5246,0.562,M02_H14,0.458,2.7618,High_Spoilage_Risk
Wheat,28.92,53.27,893.2,1.376,-6.309,-0.763,0.873,0.3566,0.3288,M05_H09,0.835,-2.0994,Moderate_Spoilage_Risk
Garlic,9.58,64.58,510.6,3.577,9.73,-0.254,0.966,0.1509,0.2062,M05_H09,0.571,-0.5993,Low_Spoilage_Risk
Sugarcane_Ratoon,16.41,72.6,660.2,4.547,11.286,0.533,0.843,0.1689,0.2016,M08_H02,0.454,-1.0572,Low_Spoilage_Risk
Potato,15.47,87.16,1152.8,2.401,0.538,0.213,0.944,0.3221,0.3108,M04_H11,0.676,0.8077,Moderate_Spoilage_Risk
Potato,12.74,99,1062.2,3.109,10.37,-0.427,0.617,0.6519,0.7035,M03_H14,0.394,-1.9195,High_Spoilage_Risk
Rice_Paddy,27.71,53.17,787.0,1.293,4.252,0.734,0.857,0.1439,0.2017,M08_H02,0.845,3.093,Low_Spoilage_Risk
Black_Gram,18.58,57.99,680.1,4.823,-11.663,0.412,0.943,0.1951,0.1753,M01_H07,0.421,-3.321,Low_Spoilage_Risk
Garlic,4.49,61.47,827.4,2.81,-10.287,2.076,0.955,0.175,0.1469,M07_H22,0.663,-1.3343,Low_Spoilage_Risk
Maize,26.82,51.36,819.0,3.164,-3.42,0.203,0.996,0.2569,0.2312,M12_H00,0.62,-1.3198,Low_Spoilage_Risk
Mustard_Seed,16.33,52.45,766.2,3.721,-4.824,-0.253,0.915,0.2156,0.2512,M04_H02,0.553,-1.0912,Low_Spoilage_Risk
Maize,7.2,79.16,1104.5,0.737,3.299,0.539,0.948,0.6322,0.6624,M02_H04,0.912,2.9619,High_Spoilage_Risk
Onion,14.44,72.63,1020.1,2.731,-3.649,0.815,0.976,0.2676,0.3121,M09_H16,0.672,0.5033,Low_Spoilage_Risk
Mustard_Seed,26.43,74.98,1176.5,4.781,23.936,-0.009,0.921,0.7787,0.8285,M08_H11,0.426,0.7681,Critical_Spoilage
Maize,30.8,67.84,465.7,4.616,-6.942,0.684,0.866,0.3249,0.3611,M06_H12,0.446,1.2418,Moderate_Spoilage_Risk
Wheat,5.64,58.08,683.4,0.104,-5.489,0.774,0.847,0.0783,0.081,M02_H18,0.988,0.4687,Safe
Onion,18.65,92.9,1301.1,3.969,5.664,2.249,0.826,0.8703,0.9008,M06_H16,0.392,1.9407,Critical_Spoilage
Mustard_Seed,33.12,41.29,1072.0,4.577,12.573,0.224,0.848,0.5531,0.6039,M06_H00,0.451,-0.9056,High_Spoilage_Risk
Chickpea,26.04,34.28,414.7,4.848,1.719,0.436,0.879,0.1847,0.1825,M10_H11,0.418,-1.6745,Low_Spoilage_Risk
Potato,14.35,83.91,1053.2,2.45,-0.997,0.447,0.783,0.3327,0.381,M10_H06,0.706,2.4209,Moderate_Spoilage_Risk
Garlic,18.41,60.15,1184.5,1.543,8.686,0.042,0.927,0.3391,0.3968,M05_H22,0.815,5.6056,Moderate_Spoilage_Risk
Chickpea,35.28,39.45,769.1,0.94,7.81,0.484,0.972,0.377,0.3647,M05_H21,0.887,1.3757,Moderate_Spoilage_Risk
Sugarcane_Ratoon,22.18,78.63,660.1,3.994,2.782,0.083,0.907,0.1737,0.1582,M06_H13,0.521,-2.1413,Low_Spoilage_Risk
Black_Gram,22.06,68.08,682.2,2.549,-8.363,0.282,0.963,0.2859,0.2703,M06_H18,0.694,1.1628,Low_Spoilage_Risk
Garlic,-2,71.41,605.7,1.493,4.519,0.078,0.853,0.2138,0.2756,M02_H06,0.821,3.1321,Low_Spoilage_Risk
Mustard_Seed,9.72,58.12,654.8,2.212,-6.304,2.112,0.969,0.137,0.1656,M12_H12,0.735,-0.5596,Low_Spoilage_Risk
Rice_Processed,30.2,68.22,873.8,0.926,0.335,-0.536,0.948,0.1282,0.1304,M11_H09,0.889,3.2856,Safe
Groundnut,27.18,61.8,813.0,1.907,-6.803,0.903,0.931,0.2649,0.2542,M11_H12,0.771,-1.4384,Low_Spoilage_Risk
Rice_Processed,20.7,65.72,791.5,3.515,-1.27,1.472,0.879,0.175,0.1677,M05_H14,0.578,0.9533,Low_Spoilage_Risk
Jute_Seed,10.24,49.53,615.0,3.86,-16.928,0.102,0.882,0.2551,0.2931,M07_H04,0.537,3.0014,Low_Spoilage_Risk
Rice_Paddy,24.27,47.72,754.8,4.204,-13.299,-0.566,0.907,0.2359,0.2713,M05_H13,0.496,1.4413,Low_Spoilage_Risk
Maize,37.14,55.95,609.1,4.454,6.396,-0.86,0.886,0.4011,0.4289,M06_H14,0.466,1.6752,Moderate_Spoilage_Risk
Wheat,40.98,59.25,1450.6,3.873,11.552,-0.573,0.848,0.5827,0.6034,M03_H09,0.535,-0.0144,High_Spoilage_Risk
Groundnut,15.05,67.68,543.0,1.295,7.399,-0.041,0.916,0.2283,0.2664,M11_H13,0.845,-1.219,Low_Spoilage_Risk
Mustard_Seed,24.8,65.21,839.3,2.809,14.335,-0.37,0.885,0.3853,0.3765,M12_H00,0.663,-1.4787,Moderate_Spoilage_Risk
Black_Gram,23.43,41.11,690.6,1.564,-9.865,-0.666,0.884,0.1341,0.1708,M08_H17,0.812,-1.9376,Low_Spoilage_Risk
Jute_Seed,38.71,58.62,737.9,2.073,-2.449,-0.547,0.943,0.385,0.4317,M05_H11,0.751,-0.9694,Moderate_Spoilage_Risk
Soybean,25.93,47.6,658.1,1.932,7.041,0.348,0.945,0.1772,0.1751,M08_H15,0.768,0.4163,Low_Spoilage_Risk
Maize,12.04,61.02,751.9,1.658,-13.279,0.487,0.926,0.128,0.1305,M02_H04,0.801,2.9847,Safe
Sugarcane_Ratoon,10.63,74.87,701.3,1.339,2.726,0.123,0.976,0.0909,0.1027,M11_H23,0.839,0.5675,Safe
Wheat,28.99,66.91,1058.9,1.091,10.985,0.944,0.973,0.4658,0.468,M08_H05,0.869,1.7313,Moderate_Spoilage_Risk
Lentil,38.45,47.55,1295.4,0.85,5.305,-0.736,0.846,0.4623,0.4533,M11_H15,0.898,1.3642,Moderate_Spoilage_Risk
Maize,11.71,55.85,543.9,4.24,-0.998,0.196,0.946,0.1469,0.1597,M11_H05,0.491,-1.5142,Low_Spoilage_Risk
Lentil,33.62,35.28,822.2,4.558,12.349,0.898,0.957,0.493,0.4963,M03_H09,0.453,-1.3752,Moderate_Spoilage_Risk
Soybean,17.02,46.73,396.7,4.07,2.747,-0.184,0.905,0.2062,0.2438,M03_H08,0.512,0.0063,Low_Spoilage_Risk
Groundnut,26.54,61.17,455.1,2.155,8.295,0.753,0.944,0.1469,0.1346,M01_H13,0.741,-1.9106,Safe
Rice_Paddy,29.85,72.06,753.9,1.611,12.064,0.494,0.83,0.2452,0.323,M09_H03,0.807,6.1252,Low_Spoilage_Risk
Garlic,11.82,59.09,419.3,2.467,8.946,-0.512,0.967,0.1679,0.2093,M12_H07,0.704,0.7493,Low_Spoilage_Risk
Black_Gram,21.07,47.28,570.8,1.536,1.317,-1.791,0.845,0.089,0.116,M12_H05,0.816,-0.0162,Safe
Sugarcane_Ratoon,15.36,50.61,386.4,3.573,-11.644,-0.499,0.916,0.1829,0.2214,M02_H12,0.571,1.4037,Low_Spoilage_Risk
Black_Gram,27.01,41.3,569.2,3.335,-2.114,0.046,0.991,0.1867,0.1784,M10_H07,0.6,1.7225,Low_Spoilage_Risk
Mustard_Seed,21.76,50.44,530.6,0.186,-2.501,-0.514,0.927,0.0043,0.0,M06_H21,0.978,2.5364,Safe
Maize,24.09,57.57,592.8,3.323,7.715,-0.047,0.875,0.1454,0.1717,M01_H00,0.601,-3.2157,Low_Spoilage_Risk
Soybean,31.06,66.5,503.5,3.057,7.03,-0.03,0.935,0.4082,0.4298,M05_H16,0.633,3.6372,Moderate_Spoilage_Risk
Sugarcane_Ratoon,14.88,53.43,477.1,0.928,-0.883,0.766,0.978,0.0737,0.0694,M04_H06,0.889,0.7987,Safe
Sugarcane_Ratoon,24.71,49.63,669.1,3.663,-3.458,-0.188,0.892,0.1888,0.2295,M03_H20,0.56,-0.6246,Low_Spoilage_Risk
Wheat,18.98,53.36,424.9,4.796,-6.46,-0.136,0.869,0.1677,0.202,M09_H10,0.424,-2.4356,Low_Spoilage_Risk
Chickpea,33.9,61.45,884.6,0.789,3.348,0.091,0.847,0.351,0.3336,M05_H05,0.905,-1.9678,Moderate_Spoilage_Risk
Mustard_Seed,5.77,40.52,678.1,4.244,-2.717,-0.641,0.882,0.2691,0.2989,M02_H05,0.491,1.6185,Low_Spoilage_Risk
Mustard_Seed,35.03,64.29,857.3,4.158,17.96,0.038,0.859,0.6336,0.688,M01_H17,0.501,5.1022,High_Spoilage_Risk
Chickpea,23.2,63.08,462.5,3.597,-5.941,-1.581,0.927,0.1904,0.2072,M03_H06,0.568,-4.1119,Low_Spoilage_Risk
Wheat,29.15,56.44,855.7,2.425,11.048,1.278,0.901,0.3972,0.4749,M05_H15,0.709,5.1191,Moderate_Spoilage_Risk
Black_Gram,14.72,48.68,406.1,0.997,-4.282,0.214,0.932,0.0558,0.0597,M05_H21,0.88,-0.482,Safe
Chickpea,33.95,56.75,600.4,3.721,1.563,1.034,0.94,0.402,0.4459,M01_H13,0.553,0.6117,Moderate_Spoilage_Risk
Sugarcane_Ratoon,23.71,89.43,1190.9,4.843,-10.35,-0.374,0.92,0.6062,0.6666,M11_H03,0.345,4.4045,High_Spoilage_Risk
Mustard_Seed,28.65,40.21,574.5,3.424,2.127,0.467,0.949,0.3766,0.3788,M01_H17,0.589,-0.9708,Moderate_Spoilage_Risk
Onion,5.49,61.11,689.3,2.703,-3.554,0.013,0.861,0.1662,0.1993,M02_H03,0.676,-0.7132,Low_Spoilage_Risk
Black_Gram,28.06,56.05,669.9,4.955,-11.536,-0.778,0.885,0.1755,0.2036,M05_H00,0.405,-1.4523,Low_Spoilage_Risk
Lentil,10.04,42.29,580.8,4.03,-2.756,0.63,0.977,0.155,0.1616,M01_H21,0.516,0.2435,Low_Spoilage_Risk
Soybean,20.74,53.74,745.4,2.7,7.149,1.098,0.841,0.1679,0.2048,M06_H06,0.676,0.553,Low_Spoilage_Risk
Sugarcane_Ratoon,37.21,76.03,1226.3,3.314,7.608,0.467,0.823,0.4775,0.499,M07_H06,0.602,5.4495,Moderate_Spoilage_Risk
Maize,24.78,44.75,446.5,4.888,7.361,-0.037,0.923,0.1856,0.1968,M12_H17,0.413,1.3456,Low_Spoilage_Risk
Jute_Seed,27.26,66.53,729.4,4.884,9.495,-0.515,0.861,0.2274,0.2365,M07_H20,0.414,3.0682,Low_Spoilage_Risk
Sugarcane_Ratoon,42.89,73.55,733.9,1.461,17.721,0.038,0.898,0.3384,0.3466,M02_H12,0.825,5.5457,Moderate_Spoilage_Risk
Maize,22.34,70.5,889.8,0.592,-10.749,0.349,0.832,0.1389,0.1737,M08_H15,0.929,1.3651,Low_Spoilage_Risk
Rice_Paddy,36.02,51.17,953.0,3.21,-3.915,-0.349,0.883,0.5318,0.5588,M01_H05,0.615,1.1148,High_Spoilage_Risk
Jute_Seed,42.61,69.08,968.2,1.504,4.049,-0.8,0.943,0.5282,0.5526,M08_H20,0.82,3.5937,High_Spoilage_Risk
Maize,24.73,77.46,1110.4,1.91,10.704,1.285,0.894,0.5548,0.5889,M09_H16,0.771,-0.0629,High_Spoilage_Risk
Potato,24.53,93.5,1419.5,3.463,-0.881,-0.733,0.812,0.5821,0.5888,M06_H06,0.443,0.537,High_Spoilage_Risk
Black_Gram,35.25,80.22,1088.8,3.063,20.71,0.275,0.815,0.8878,0.8891,M10_H19,0.632,2.9283,Critical_Spoilage
Groundnut,32.02,52.0,1186.0,4.434,9.233,0.056,0.987,0.6165,0.6731,M02_H09,0.468,0.5275,High_Spoilage_Risk
Black_Gram,13.8,56.73,695.4,1.483,4.677,0.449,0.866,0.0845,0.1302,M12_H21,0.822,-2.4953,Safe
Black_Gram,38.73,74.35,804.1,4.501,22.605,0.75,0.961,0.7914,0.8114,M04_H14,0.46,4.7134,Critical_Spoilage
Potato,4.54,97.86,416.9,4.193,-2.212,-0.323,0.63,0.5626,0.6111,M06_H21,0.283,1.0041,High_Spoilage_Risk
Chickpea,32.95,47.73,915.0,0.721,-2.598,-0.113,0.943,0.3531,0.3557,M11_H18,0.913,-2.9128,Moderate_Spoilage_Risk
Maize,36.04,52.51,712.5,0.118,7.016,0.571,0.952,0.3461,0.3533,M07_H10,0.986,0.153,Moderate_Spoilage_Risk
Soybean,32.63,51.33,541.6,1.16,-0.056,0.893,0.967,0.2893,0.3428,M11_H14,0.861,-1.7408,Moderate_Spoilage_Risk
Rice_Paddy,37.19,62.94,1059.6,1.93,7.753,0.708,0.865,0.466,0.4494,M04_H17,0.768,-0.0673,Moderate_Spoilage_Risk
Potato,9.06,78.94,911.2,3.364,0.046,0.466,0.947,0.2284,0.2672,M04_H17,0.596,-1.7906,Low_Spoilage_Risk
Potato,17.46,99,690.7,2.581,20.168,-0.52,0.585,0.6852,0.691,M01_H18,0.457,-0.1993,High_Spoilage_Risk
Black_Gram,39.56,47.26,1220.7,3.416,3.859,-0.513,0.884,0.5488,0.5713,M04_H15,0.59,5.4157,High_Spoilage_Risk
Black_Gram,18.47,69.02,894.3,3.319,-10.736,1.695,0.955,0.4153,0.4485,M01_H19,0.602,1.9824,Moderate_Spoilage_Risk
Sugarcane_Ratoon,34.06,89.44,976.1,2.697,9.885,1.354,0.707,0.6206,0.6256,M03_H11,0.602,1.0706,High_Spoilage_Risk
Maize,16.38,66.14,661.7,0.795,-1.215,0.161,0.97,0.0567,0.1092,M09_H15,0.905,2.8136,Safe
Groundnut,13.9,73.48,937.8,2.352,-9.98,0.078,0.879,0.6159,0.6681,M05_H20,0.718,2.1791,High_Spoilage_Risk
Garlic,13.34,61.0,1005.8,0.354,-2.79,0.068,0.863,0.1885,0.1959,M09_H14,0.958,2.4472,Low_Spoilage_Risk
Maize,32.39,60.96,565.9,4.258,-5.304,0.31,0.966,0.3682,0.3834,M09_H15,0.489,0.8977,Moderate_Spoilage_Risk
Rice_Processed,15.73,69.4,894.6,1.88,3.394,0.582,0.902,0.2091,0.2326,M10_H20,0.774,0.6151,Low_Spoilage_Risk
Potato,12.46,81.25,990.3,4.752,1.741,1.195,0.719,0.2997,0.3072,M03_H11,0.43,0.7236,Moderate_Spoilage_Risk
Rice_Paddy,28.21,68.76,436.4,0.322,-0.807,2.582,0.841,0.0098,0.0461,M11_H02,0.961,1.5653,Safe
Potato,8.97,84.59,987.2,4.824,19.608,-0.255,0.878,0.2568,0.2522,M07_H15,0.421,0.7469,Low_Spoilage_Risk
Jute_Seed,30.33,50.63,694.7,4.716,-3.412,0.421,0.996,0.2149,0.2056,M05_H17,0.434,0.4993,Low_Spoilage_Risk
Maize,34.14,51.33,580.8,3.187,-0.607,1.212,0.848,0.4092,0.4228,M10_H19,0.618,-2.2383,Moderate_Spoilage_Risk
Lentil,26.34,48.23,600.3,1.871,5.948,0.262,0.823,0.1493,0.1524,M03_H12,0.775,1.2014,Low_Spoilage_Risk
Maize,21.55,51.4,649.5,2.962,-9.465,-1.287,0.961,0.1807,0.2006,M03_H10,0.645,0.2228,Low_Spoilage_Risk
Maize,36.1,79.58,1519.5,1.2,30.451,-0.261,0.983,0.917,0.9317,M04_H02,0.856,0.4802,Critical_Spoilage
Potato,7.66,92.97,594.4,0.128,-2.104,-0.994,0.585,0.0,0.0484,M01_H18,0.852,2.0461,Safe
Jute_Seed,8.24,72.77,757.4,0.321,14.833,0.391,0.911,0.337,0.3799,M01_H19,0.961,0.4132,Moderate_Spoilage_Risk
Jute_Seed,29.94,69.48,577.3,0.935,6.123,0.826,0.956,0.1828,0.2484,M01_H09,0.888,3.2392,Low_Spoilage_Risk
Rice_Processed,38.93,52.83,606.3,0.83,9.42,0.914,0.891,0.2844,0.3031,M09_H22,0.9,1.8191,Low_Spoilage_Risk
Lentil,17.73,66.66,849.9,4.198,4.106,1.71,0.935,0.3905,0.4123,M06_H05,0.496,3.2393,Moderate_Spoilage_Risk
Maize,32.84,91.82,1533.2,1.438,15.514,0.127,0.615,0.9174,0.9255,M09_H10,0.714,4.1986,Critical_Spoilage
Groundnut,12.69,44.06,715.2,4.713,-4.842,0.087,0.957,0.2558,0.2287,M11_H13,0.434,-1.803,Low_Spoilage_Risk
Groundnut,8.9,54.84,720.6,4.645,-2.526,-0.659,0.873,0.2101,0.2106,M08_H23,0.443,-0.5532,Low_Spoilage_Risk
Maize,32.95,65.98,889.0,2.872,8.053,1.13,0.906,0.4684,0.5018,M08_H00,0.655,-1.2514,Moderate_Spoilage_Risk
Potato,17.7,92.1,898.0,2.125,-7.51,-0.521,0.8,0.3163,0.3348,M12_H10,0.627,0.2879,Moderate_Spoilage_Risk
Groundnut,9.02,54.12,849.5,3.226,0.572,-0.333,0.957,0.2231,0.2455,M09_H07,0.613,-0.8166,Low_Spoilage_Risk
Groundnut,37.41,41.22,981.0,1.036,5.052,0.167,0.834,0.4777,0.5104,M04_H15,0.876,0.8324,Moderate_Spoilage_Risk
Potato,6.98,86.54,937.7,4.624,-6.801,-0.02,0.764,0.2042,0.2459,M07_H21,0.419,-1.7134,Low_Spoilage_Risk
Lentil,9.24,44.05,675.8,1.173,3.1,-0.609,0.873,0.1096,0.1512,M04_H17,0.859,0.4227,Safe
Chickpea,22.19,59.05,622.4,0.436,-12.98,1.616,0.974,0.0179,0.0155,M03_H11,0.948,-0.4381,Safe
Jute_Seed,11.84,68.94,629.4,4.689,-8.737,-0.416,0.905,0.2816,0.3271,M08_H04,0.437,2.0155,Moderate_Spoilage_Risk
Groundnut,30.88,43.2,514.1,2.567,-8.711,0.149,0.848,0.3964,0.3977,M03_H16,0.692,3.5356,Moderate_Spoilage_Risk
Garlic,-2,62.75,815.9,2.854,18.705,0.28,0.897,0.2638,0.2489,M02_H00,0.658,-2.1853,Low_Spoilage_Risk
Potato,17.73,82.93,509.3,2.236,-4.541,0.799,0.738,0.328,0.3451,M10_H07,0.732,0.5754,Moderate_Spoilage_Risk
Jute_Seed,17.27,59.46,450.5,1.605,4.909,-0.844,0.954,0.0538,0.1059,M08_H19,0.807,2.4589,Safe
Onion,14.11,84.77,1115.2,2.002,-4.119,-0.012,0.938,0.6092,0.6485,M10_H21,0.76,-0.3382,High_Spoilage_Risk
Black_Gram,42.16,63.08,861.9,4.208,12.844,-0.289,0.92,0.4982,0.4775,M05_H04,0.495,-2.3698,Moderate_Spoilage_Risk
Lentil,34.91,48.84,573.7,0.425,-2.437,1.453,0.846,0.2867,0.3042,M03_H07,0.949,3.4641,Low_Spoilage_Risk
Mustard_Seed,43.35,46.01,1021.0,1.055,9.232,-0.368,0.911,0.393,0.409,M04_H12,0.873,6.2189,Moderate_Spoilage_Risk
Garlic,-2,59.93,626.7,1.129,3.519,0.169,0.999,0.1831,0.1933,M10_H23,0.865,0.6737,Low_Spoilage_Risk
Sugarcane_Ratoon,32.7,93.79,1178.5,3.581,8.666,1.203,0.82,0.7404,0.7256,M08_H15,0.424,-3.7696,Critical_Spoilage
Wheat,37.31,51.36,1203.1,1.459,18.282,0.733,0.999,0.4816,0.541,M05_H13,0.825,2.3992,High_Spoilage_Risk
Mustard_Seed,7.37,45.12,520.9,2.322,12.941,-0.109,0.833,0.1269,0.176,M06_H02,0.721,-2.9743,Low_Spoilage_Risk
Wheat,10.9,66.88,673.7,2.573,-7.015,-0.764,0.982,0.2201,0.2698,M11_H14,0.691,-3.581,Low_Spoilage_Risk
Rice_Paddy,24.83,81.71,1073.6,2.399,-7.238,-0.763,0.737,0.6746,0.701,M03_H04,0.712,2.5551,High_Spoilage_Risk
Garlic,24.2,86.53,1864.8,2.279,27.945,1.928,0.843,0.9135,0.9377,M07_H06,0.701,5.9234,Critical_Spoilage
Maize,17.63,63.83,374.4,2.974,-4.197,-0.247,0.975,0.1158,0.1014,M09_H04,0.643,-3.794,Safe
Maize,9.56,51.66,465.9,4.253,-2.866,0.528,0.838,0.2236,0.2067,M01_H00,0.49,0.698,Low_Spoilage_Risk
Soybean,39.21,68.47,1268.5,1.244,13.915,-1.925,0.959,0.6451,0.6337,M06_H14,0.851,1.9515,High_Spoilage_Risk
Wheat,17.81,64.19,748.7,3.062,-7.498,0.227,0.901,0.1723,0.1572,M07_H04,0.633,-2.5302,Low_Spoilage_Risk
Onion,3.83,72.78,699.5,1.85,-3.631,0.098,0.888,0.0777,0.1242,M02_H20,0.778,-0.9608,Safe
Soybean,17.45,68.94,815.2,4.483,2.454,-0.494,0.829,0.4196,0.45,M02_H10,0.462,-1.5515,Moderate_Spoilage_Risk
Jute_Seed,31.23,71.0,633.0,1.127,2.597,-1.04,0.909,0.2544,0.2939,M12_H02,0.865,1.9776,Low_Spoilage_Risk
Groundnut,9.76,58.47,854.2,1.281,1.878,-0.552,0.842,0.1399,0.1155,M10_H08,0.846,-1.4227,Safe
Groundnut,12.04,46.29,492.1,1.856,7.882,0.719,0.968,0.1075,0.1027,M10_H23,0.777,-2.82,Safe
Sugarcane_Ratoon,19.24,62.39,381.4,2.459,-7.594,-0.103,0.982,0.1055,0.084,M04_H07,0.705,1.4899,Safe
Sugarcane_Ratoon,39.19,70.29,1129.2,0.642,8.555,0.179,0.853,0.3931,0.4067,M03_H00,0.923,-0.438,Moderate_Spoilage_Risk
Jute_Seed,19.03,47.78,378.7,3.938,-3.686,-0.035,0.994,0.1715,0.1842,M08_H05,0.527,-1.0297,Low_Spoilage_Risk
Garlic,17.87,46.92,745.6,4.475,-10.758,0.477,0.823,0.3695,0.3971,M01_H09,0.463,2.1298,Moderate_Spoilage_Risk
Lentil,28.0,42.44,829.7,1.484,-6.068,0.212,0.967,0.2601,0.2521,M10_H19,0.822,-1.6292,Low_Spoilage_Risk
Potato,21.07,96.53,1488.7,2.309,13.774,-0.418,0.726,0.8555,0.8556,M10_H23,0.531,2.1641,Critical_Spoilage
Onion,-2,80.3,836.7,3.011,-17.762,-0.618,0.832,0.4484,0.4595,M02_H02,0.639,-1.1759,Moderate_Spoilage_Risk
Jute_Seed,32.32,62.93,430.1,4.882,8.514,-0.036,0.849,0.2322,0.2819,M03_H09,0.414,-1.5876,Low_Spoilage_Risk
Groundnut,31.02,45.52,608.3,4.049,-1.524,-0.886,0.858,0.4456,0.4937,M01_H12,0.514,0.9869,Moderate_Spoilage_Risk
Rice_Paddy,32.43,57.09,889.8,3.405,16.659,-1.236,0.92,0.3766,0.4011,M06_H03,0.591,2.9142,Moderate_Spoilage_Risk
Rice_Paddy,14.96,91.72,1313.4,1.566,5.534,2.01,0.605,0.6755,0.6797,M09_H04,0.7,-0.9048,High_Spoilage_Risk
Mustard_Seed,23.19,39.35,589.3,2.89,-16.847,-0.781,0.96,0.16,0.204,M02_H14,0.653,3.1893,Low_Spoilage_Risk
Chickpea,28.0,59.05,852.5,0.368,-17.22,-0.124,0.92,0.1219,0.1431,M04_H09,0.956,-0.1661,Safe
Onion,1.72,91.97,706.4,4.31,12.916,0.802,0.715,0.5777,0.5611,M06_H05,0.367,-0.6212,High_Spoilage_Risk
Potato,3.23,88.44,822.0,4.938,-3.776,0.785,0.949,0.224,0.2505,M04_H00,0.35,1.4986,Low_Spoilage_Risk
Chickpea,30.87,58.73,846.6,1.677,-3.513,0.329,0.973,0.3114,0.35,M09_H04,0.799,1.8986,Moderate_Spoilage_Risk
Sugarcane_Ratoon,18.85,60.19,378.4,0.311,12.896,-0.485,0.954,0.0128,0.0049,M06_H17,0.963,0.9061,Safe
Chickpea,32.84,67.0,812.3,3.839,2.26,0.042,0.919,0.595,0.5965,M10_H19,0.539,0.8082,High_Spoilage_Risk
Lentil,14.61,66.34,679.4,1.434,-6.666,0.84,0.995,0.2791,0.2532,M11_H08,0.828,0.0109,Low_Spoilage_Risk
Mustard_Seed,30.63,66.63,863.6,0.338,6.796,0.62,0.98,0.6186,0.6168,M06_H22,0.959,-0.4953,High_Spoilage_Risk
Soybean,30.11,43.76,1038.4,2.823,-1.599,-0.547,0.903,0.4747,0.4805,M01_H04,0.661,3.487,Moderate_Spoilage_Risk
Lentil,34.64,45.87,912.6,4.457,9.461,-0.659,0.94,0.502,0.5245,M10_H23,0.465,0.0393,High_Spoilage_Risk
Mustard_Seed,5.79,60.88,699.4,4.554,-8.805,0.082,0.838,0.2759,0.268,M12_H18,0.454,-1.4314,Low_Spoilage_Risk
Soybean,17.57,68.76,863.3,2.674,0.779,0.766,0.898,0.3511,0.3961,M06_H05,0.679,1.3089,Moderate_Spoilage_Risk
Rice_Paddy,41.31,67.22,616.7,1.688,1.869,1.827,0.978,0.3365,0.3529,M03_H11,0.797,2.3363,Moderate_Spoilage_Risk
Mustard_Seed,33.75,47.89,721.4,4.483,11.883,0.237,0.864,0.4525,0.5203,M12_H07,0.462,3.3102,Moderate_Spoilage_Risk
Wheat,23.55,58.68,701.9,3.015,-1.839,-0.486,0.988,0.1469,0.1408,M01_H03,0.638,-2.5278,Safe
Soybean,7.5,70.51,442.0,2.069,-2.24,-1.337,0.828,0.3631,0.3507,M02_H16,0.752,-2.7957,Moderate_Spoilage_Risk
Soybean,10.2,65.61,802.1,1.906,7.895,-1.14,0.854,0.1548,0.183,M08_H22,0.771,2.7665,Low_Spoilage_Risk
Garlic,6.06,69.21,452.7,3.191,-7.361,1.588,0.857,0.1282,0.1446,M04_H14,0.617,1.0872,Safe
Onion,13.22,69.67,975.9,4.153,-6.37,0.463,0.875,0.306,0.2854,M02_H16,0.502,2.1176,Low_Spoilage_Risk
Lentil,36.09,80.48,1448.9,1.721,26.86,0.121,0.714,0.9044,0.9667,M06_H19,0.793,1.1565,Critical_Spoilage
Rice_Processed,23.32,46.92,652.2,3.04,-13.843,-0.87,0.939,0.171,0.1824,M06_H13,0.635,-1.418,Low_Spoilage_Risk
Garlic,20.7,51.35,876.8,4.269,15.503,-0.71,0.973,0.4407,0.4508,M11_H16,0.488,1.2379,Moderate_Spoilage_Risk
Onion,-0.45,95.22,1026.2,4.281,5.959,-0.108,0.562,0.7624,0.8192,M07_H03,0.316,1.1325,Critical_Spoilage
Jute_Seed,15.4,50.86,738.4,0.985,10.92,0.416,0.962,0.0879,0.1356,M05_H17,0.882,-2.8252,Safe
Jute_Seed,22.07,82.4,957.5,2.724,8.204,1.018,0.809,0.6288,0.6498,M07_H10,0.673,-3.3348,High_Spoilage_Risk
Onion,3.03,91.41,733.1,2.72,-10.86,0.531,0.77,0.5121,0.5645,M07_H12,0.567,4.0641,High_Spoilage_Risk
Groundnut,9.04,61.74,489.0,3.031,-5.277,0.282,0.865,0.1202,0.118,M03_H22,0.636,0.8997,Safe
Soybean,35.23,72.6,1413.9,0.591,12.817,-0.287,0.943,0.8318,0.8598,M08_H07,0.929,4.6088,Critical_Spoilage
Black_Gram,34.16,53.14,1000.3,0.944,-13.296,1.296,0.953,0.392,0.448,M09_H04,0.887,-0.5285,Moderate_Spoilage_Risk
Lentil,2.6,66.33,572.3,0.345,7.922,0.547,0.856,0.2856,0.3084,M02_H05,0.959,-1.6024,Low_Spoilage_Risk
Garlic,11.13,84.65,626.8,2.659,6.722,0.701,0.764,0.5379,0.5523,M09_H20,0.681,1.2527,High_Spoilage_Risk
Wheat,24.42,68.01,499.3,3.924,7.116,-0.634,0.908,0.2885,0.3426,M06_H21,0.529,2.6632,Moderate_Spoilage_Risk
Wheat,20.24,79.77,1089.8,1.469,-1.606,0.389,0.934,0.6165,0.6433,M08_H22,0.824,0.3215,High_Spoilage_Risk
Black_Gram,10.9,55.37,652.1,2.64,4.832,1.401,0.838,0.1255,0.1549,M04_H01,0.683,-3.9022,Safe
Lentil,36.16,68.52,1391.9,4.013,8.523,-1.325,0.878,0.8045,0.8453,M06_H12,0.518,-1.1354,Critical_Spoilage
Onion,-0.81,75.21,762.0,2.75,-1.962,1.079,0.954,0.2323,0.2301,M10_H17,0.67,-3.714,Low_Spoilage_Risk
Jute_Seed,10.18,64.5,692.0,2.278,-11.499,0.627,0.845,0.1729,0.1796,M02_H18,0.727,-1.0218,Low_Spoilage_Risk
Onion,-0.98,74.35,588.8,1.114,-4.988,-0.297,0.97,0.1328,0.1302,M01_H14,0.866,0.102,Safe
Potato,19.45,88.17,1112.5,1.032,-6.391,-0.152,0.818,0.4056,0.4558,M04_H04,0.823,2.8947,Moderate_Spoilage_Risk
Sugarcane_Ratoon,10.58,58.32,783.7,1.406,-9.649,-0.452,0.85,0.1543,0.198,M10_H01,0.831,0.9328,Low_Spoilage_Risk
Rice_Processed,23.36,87.21,632.9,2.082,-1.282,1.033,0.901,0.4816,0.4583,M06_H12,0.713,1.9231,Moderate_Spoilage_Risk
Lentil,3.4,62.79,446.8,2.982,5.647,-0.287,0.832,0.2483,0.2886,M02_H21,0.642,-0.9848,Low_Spoilage_Risk
Potato,23.16,79.43,1431.7,0.842,0.144,-0.153,0.827,0.5209,0.5099,M12_H11,0.899,1.1261,High_Spoilage_Risk
Jute_Seed,40.41,65.87,859.2,2.412,18.289,-0.538,0.987,0.4596,0.4835,M05_H21,0.711,-0.7281,Moderate_Spoilage_Risk
Maize,13.17,80.27,789.1,4.363,-3.769,-0.05,0.841,0.6182,0.6334,M08_H22,0.476,-1.756,High_Spoilage_Risk
Wheat,28.05,43.61,518.8,0.605,15.179,0.641,0.891,0.2273,0.2184,M12_H07,0.927,-0.0344,Low_Spoilage_Risk
Mustard_Seed,17.2,62.64,667.6,3.089,8.357,1.443,0.978,0.2826,0.2619,M02_H20,0.629,0.3492,Low_Spoilage_Risk
Chickpea,22.74,33.32,667.1,2.643,15.821,-0.531,0.878,0.1754,0.2085,M04_H16,0.683,-0.3312,Low_Spoilage_Risk
Chickpea,18.93,68.89,504.3,3.904,5.634,0.935,0.945,0.3301,0.3481,M03_H22,0.532,-6.1396,Moderate_Spoilage_Risk
Garlic,24.47,57.51,753.1,4.833,10.695,0.63,0.9,0.4643,0.5029,M01_H11,0.42,3.3168,Moderate_Spoilage_Risk
Lentil,35.09,56.26,1115.7,1.173,15.692,-0.243,0.918,0.4247,0.4683,M10_H09,0.859,1.8658,Moderate_Spoilage_Risk
Jute_Seed,32.37,55.65,947.3,4.62,1.531,0.562,0.827,0.3348,0.3469,M12_H07,0.446,0.8921,Moderate_Spoilage_Risk
Rice_Paddy,22.69,91.11,747.5,4.433,17.191,1.442,0.751,0.5993,0.6359,M08_H00,0.366,2.9201,High_Spoilage_Risk
Black_Gram,24.3,49.69,615.9,4.598,-4.078,0.044,0.863,0.1752,0.228,M10_H02,0.448,2.4548,Low_Spoilage_Risk
Onion,9.3,59.85,839.6,1.424,-0.174,1.295,0.919,0.1301,0.1368,M09_H12,0.829,-2.8068,Safe
Garlic,4.48,74.42,574.7,1.704,10.347,-0.909,0.996,0.2047,0.1938,M03_H01,0.796,-1.5565,Low_Spoilage_Risk
Jute_Seed,50,64.94,983.4,0.326,20.231,1.635,0.873,0.3745,0.3816,M05_H11,0.961,1.2184,Moderate_Spoilage_Risk
Sugarcane_Ratoon,28.69,70.37,507.1,1.215,1.664,0.945,0.951,0.0419,0.0786,M11_H21,0.854,-3.2946,Safe
Garlic,25.89,68.46,1199.6,3.934,18.031,-0.543,0.92,0.5575,0.624,M05_H12,0.528,2.7246,High_Spoilage_Risk
Lentil,26.19,59.55,426.5,3.279,14.134,-1.0,0.931,0.1886,0.2262,M07_H18,0.607,-0.8418,Low_Spoilage_Risk
Soybean,37.29,68.52,1042.0,2.67,18.942,1.07,0.93,0.6424,0.7005,M05_H16,0.68,2.0591,High_Spoilage_Risk
Garlic,18.2,78.47,1513.5,1.49,15.024,-0.879,0.925,0.6629,0.7247,M06_H11,0.821,5.7867,High_Spoilage_Risk
Groundnut,12.69,58.11,719.0,0.67,-2.689,-0.943,0.897,0.083,0.0851,M10_H05,0.92,-0.9514,Safe
Soybean,18.71,64.65,776.9,1.845,-14.384,0.179,0.944,0.1544,0.2029,M05_H21,0.779,-0.7573,Low_Spoilage_Risk
Mustard_Seed,21.73,54.6,669.2,1.703,4.833,-0.4,0.921,0.099,0.1027,M06_H02,0.796,-0.0024,Safe
Onion,6.77,89.48,1072.7,1.988,3.33,0.982,0.754,0.5972,0.6415,M04_H05,0.687,-3.4653,High_Spoilage_Risk
Chickpea,7.53,47.06,721.2,0.541,2.07,0.82,0.966,0.1078,0.1148,M01_H23,0.935,-2.3192,Safe
Rice_Paddy,35.18,76.23,1067.4,3.66,17.626,-0.562,0.989,0.7708,0.8199,M07_H14,0.561,2.9686,Critical_Spoilage
Soybean,12.77,64.77,809.6,4.806,-7.111,0.439,0.985,0.2165,0.1949,M07_H11,0.423,-0.4521,Low_Spoilage_Risk
Lentil,30.63,61.55,659.0,0.764,-4.618,0.108,0.933,0.3498,0.3505,M10_H18,0.908,-0.7537,Moderate_Spoilage_Risk
Mustard_Seed,36.5,73.82,1056.9,1.157,16.881,-1.427,0.989,0.8092,0.8311,M09_H12,0.861,3.3074,Critical_Spoilage
Maize,40.37,63.13,824.6,3.74,14.041,1.292,0.837,0.4667,0.4752,M09_H06,0.551,3.889,Moderate_Spoilage_Risk
Onion,12.3,78.95,1105.4,4.504,-0.182,0.204,0.826,0.4474,0.4411,M12_H17,0.46,1.4495,Moderate_Spoilage_Risk
Lentil,7.52,35.71,379.4,4.609,-16.532,0.49,0.836,0.2321,0.2306,M09_H23,0.447,-1.3126,Low_Spoilage_Risk
Black_Gram,22.33,54.85,435.6,1.117,-0.928,0.194,0.954,0.0251,0.0109,M12_H22,0.866,-0.2072,Safe
Garlic,-0.59,76.54,689.2,4.939,0.3,0.303,0.85,0.4825,0.4695,M06_H18,0.407,-2.1474,Moderate_Spoilage_Risk
Potato,12.02,95.07,772.8,0.68,6.002,-1.189,0.724,0.0749,0.0552,M08_H00,0.751,-0.5416,Safe
Lentil,16.78,63.65,850.3,2.172,-14.692,-0.563,0.978,0.2661,0.2579,M06_H12,0.739,-0.5854,Low_Spoilage_Risk
Mustard_Seed,35.8,64.78,1239.7,0.133,-6.797,0.25,0.857,0.6369,0.6588,M09_H05,0.984,1.521,High_Spoilage_Risk
Rice_Paddy,26.55,60.69,502.7,0.548,11.778,-0.361,1.0,0.0288,0.0304,M08_H14,0.934,-4.3706,Safe
Onion,-0.8,61.0,554.8,0.86,-16.791,-0.323,0.849,0.1768,0.2223,M05_H02,0.897,-0.4148,Low_Spoilage_Risk
Groundnut,13.71,41.72,591.7,4.061,2.854,0.189,0.865,0.1969,0.2003,M12_H16,0.513,-1.1504,Low_Spoilage_Risk
Maize,8.07,65.39,377.7,1.163,-9.969,0.234,0.982,0.0808,0.1332,M12_H19,0.86,1.5189,Safe
Lentil,30.37,33.7,989.0,2.435,3.253,0.338,0.862,0.5076,0.5299,M04_H03,0.708,0.7924,High_Spoilage_Risk
Jute_Seed,12.44,49.13,840.0,0.474,0.083,-0.298,0.876,0.1652,0.1999,M06_H06,0.943,-1.7915,Low_Spoilage_Risk
Black_Gram,24.06,74.88,577.7,3.286,18.151,0.675,0.933,0.4652,0.4787,M08_H21,0.606,1.7119,Moderate_Spoilage_Risk
Chickpea,15.04,73.26,840.9,1.977,-16.893,-0.973,0.973,0.4599,0.4477,M09_H23,0.763,-1.2233,Moderate_Spoilage_Risk
Potato,9.96,82.81,473.4,4.079,8.5,0.596,0.832,0.1792,0.2205,M01_H08,0.511,0.5801,Low_Spoilage_Risk
Potato,8.99,82.22,955.2,0.827,-10.932,-0.664,0.884,0.1439,0.1263,M04_H00,0.901,0.4888,Safe
Potato,4.5,95.44,555.4,3.424,-7.613,1.765,0.66,0.2351,0.2848,M02_H12,0.415,-1.1475,Low_Spoilage_Risk
Groundnut,25.5,43.0,422.5,3.205,-4.59,-0.008,0.984,0.1953,0.1753,M10_H20,0.615,1.4159,Low_Spoilage_Risk
Rice_Paddy,23.9,77.9,1001.8,3.648,-5.612,1.23,0.997,0.5683,0.6197,M08_H07,0.562,-2.9934,High_Spoilage_Risk
Potato,20.43,84.47,872.2,4.972,12.46,-0.094,0.767,0.5074,0.5132,M07_H07,0.403,-2.4879,High_Spoilage_Risk
Onion,-2,69.71,730.7,0.274,-2.831,-0.334,0.838,0.1288,0.1097,M12_H20,0.967,2.2963,Safe
Lentil,17.9,65.99,862.0,1.937,-1.304,0.948,0.901,0.3268,0.3733,M12_H21,0.768,-1.8597,Moderate_Spoilage_Risk
Maize,30.31,65.26,718.6,2.238,7.118,1.093,0.911,0.2664,0.305,M11_H13,0.731,-1.6661,Low_Spoilage_Risk
Mustard_Seed,25.62,54.43,518.5,1.173,-6.161,1.659,0.958,0.0747,0.0911,M11_H15,0.859,-0.9015,Safe
Rice_Processed,37.54,64.79,792.0,3.239,4.853,-0.448,0.835,0.3992,0.448,M07_H16,0.611,0.7355,Moderate_Spoilage_Risk
Black_Gram,15.93,73.28,943.3,2.005,21.378,0.793,0.831,0.4735,0.4599,M09_H12,0.759,-0.9999,Moderate_Spoilage_Risk
Black_Gram,34.94,32.92,965.9,3.662,12.312,0.329,0.876,0.5351,0.5773,M02_H13,0.561,-0.9394,High_Spoilage_Risk
Onion,24.1,87.12,978.8,4.139,13.204,0.232,0.948,0.869,0.9211,M05_H06,0.468,3.4452,Critical_Spoilage
Rice_Paddy,14.31,81.63,930.6,3.618,-2.143,0.607,0.921,0.6674,0.6592,M04_H01,0.566,3.4507,High_Spoilage_Risk
Rice_Processed,15.2,61.03,858.8,1.236,-7.226,0.287,0.825,0.1209,0.1067,M03_H23,0.852,-1.3513,Safe
Black_Gram,15.16,61.73,421.0,3.904,5.761,-0.006,0.899,0.1518,0.1842,M07_H01,0.532,0.8138,Low_Spoilage_Risk
Potato,13.7,97.96,813.4,4.405,-7.731,1.118,0.737,0.6343,0.6366,M09_H05,0.255,1.1139,High_Spoilage_Risk
Chickpea,35.42,71.56,1037.4,1.078,9.394,0.549,0.898,0.6473,0.7007,M02_H01,0.871,2.2023,High_Spoilage_Risk
Soybean,27.84,59.25,584.0,2.264,-2.334,0.635,0.958,0.1961,0.1965,M08_H11,0.728,0.3031,Low_Spoilage_Risk
Rice_Processed,39.76,78.69,1211.4,4.842,10.76,0.205,0.936,0.9684,1.0,M04_H07,0.419,2.4308,Critical_Spoilage
Garlic,1.46,78.41,868.2,3.857,-7.739,0.218,0.917,0.4854,0.465,M10_H21,0.537,-0.3635,Moderate_Spoilage_Risk
Black_Gram,14.34,66.48,672.5,1.1,-2.321,-0.349,0.952,0.201,0.2091,M03_H23,0.868,0.394,Low_Spoilage_Risk
Potato,21.42,90.94,1174.9,0.123,-10.89,0.176,0.807,0.4004,0.4041,M03_H06,0.886,2.6587,Moderate_Spoilage_Risk
Sugarcane_Ratoon,21.31,64.15,502.7,3.764,-3.377,0.661,0.853,0.1552,0.2023,M09_H14,0.548,-0.0116,Low_Spoilage_Risk
Maize,28.91,53.65,525.5,3.068,5.595,0.491,0.858,0.2242,0.2099,M10_H06,0.632,1.9549,Low_Spoilage_Risk
Mustard_Seed,21.01,39.69,383.1,1.199,6.582,-0.73,0.834,0.0908,0.0975,M02_H12,0.856,-1.5049,Safe
Wheat,11.7,69.42,760.7,3.295,1.679,0.057,0.964,0.3704,0.3944,M11_H01,0.605,2.0139,Moderate_Spoilage_Risk
Sugarcane_Ratoon,35.28,58.21,1117.1,2.823,-8.359,-0.212,0.99,0.4198,0.4079,M12_H01,0.661,2.9251,Moderate_Spoilage_Risk
Wheat,37.75,50.59,975.9,0.698,12.664,0.454,0.894,0.3856,0.3849,M06_H12,0.916,0.3186,Moderate_Spoilage_Risk
Maize,17.79,74.4,500.7,1.907,14.163,0.179,0.96,0.2597,0.2556,M12_H23,0.771,-1.9284,Low_Spoilage_Risk
Garlic,15.07,67.12,512.8,1.927,17.901,-0.546,0.994,0.1758,0.2231,M07_H14,0.769,4.0974,Low_Spoilage_Risk
Rice_Paddy,12.65,71.11,755.6,4.472,4.989,0.472,0.911,0.2396,0.2342,M11_H03,0.463,1.4913,Low_Spoilage_Risk
Chickpea,13.58,63.2,448.2,0.297,11.122,0.025,0.844,0.0318,0.0847,M03_H18,0.964,-0.2368,Safe
Jute_Seed,44.54,55.1,727.8,4.636,17.35,1.153,0.908,0.4448,0.4905,M04_H08,0.444,0.6474,Moderate_Spoilage_Risk
Jute_Seed,33.03,48.51,611.5,1.655,9.261,-0.021,0.87,0.1958,0.1843,M12_H03,0.801,-0.2677,Low_Spoilage_Risk
Rice_Processed,38.94,70.07,606.2,4.959,4.949,-1.273,1.0,0.508,0.4913,M03_H00,0.405,0.7714,Moderate_Spoilage_Risk
Potato,2.14,93.2,380.3,3.489,-9.435,0.561,0.678,0.1913,0.2249,M02_H01,0.445,3.2996,Low_Spoilage_Risk
Maize,11.64,79.77,625.2,1.823,17.349,1.161,0.883,0.4642,0.5065,M01_H03,0.781,5.531,Moderate_Spoilage_Risk
Groundnut,23.01,57.99,782.8,4.121,-2.815,0.663,0.923,0.2469,0.2629,M12_H03,0.505,-2.9694,Low_Spoilage_Risk
Rice_Processed,19.4,63.09,677.5,4.381,2.389,0.513,0.95,0.1758,0.195,M02_H17,0.474,3.1348,Low_Spoilage_Risk
Rice_Processed,17.71,57.62,412.0,3.356,-4.548,-0.21,0.956,0.1314,0.1087,M05_H05,0.597,-2.2669,Safe
Rice_Paddy,21.89,82.72,1170.9,0.623,2.326,-0.13,0.774,0.627,0.6084,M11_H13,0.925,2.5513,High_Spoilage_Risk
Rice_Paddy,36.12,61.74,1086.9,0.28,10.311,0.321,0.976,0.4397,0.4318,M03_H10,0.966,3.6512,Moderate_Spoilage_Risk
Jute_Seed,21.84,68.41,632.4,0.32,2.375,-0.264,0.988,0.1262,0.1619,M03_H22,0.962,1.1197,Safe
Rice_Processed,16.61,57.03,545.4,2.113,-4.179,-0.684,0.93,0.066,0.0627,M02_H03,0.746,1.5462,Safe
Black_Gram,19.84,65.69,552.9,3.203,4.957,-1.113,0.886,0.2193,0.2731,M02_H23,0.616,3.1891,Low_Spoilage_Risk
Lentil,17.08,39.61,485.6,4.748,-1.744,-0.507,0.985,0.2063,0.2511,M08_H01,0.43,1.5799,Low_Spoilage_Risk
Sugarcane_Ratoon,15.85,49.69,430.1,4.725,-11.117,1.028,0.839,0.1704,0.2191,M01_H07,0.433,-0.0094,Low_Spoilage_Risk
Rice_Paddy,45.32,59.28,1324.8,2.058,24.168,-0.117,0.995,0.5195,0.5967,M04_H12,0.753,3.2282,High_Spoilage_Risk
Potato,11.43,97.01,636.4,1.383,7.811,0.392,0.741,0.4543,0.4871,M07_H11,0.634,1.9383,Moderate_Spoilage_Risk
Sugarcane_Ratoon,33.87,88.24,697.4,1.891,-3.417,-1.156,0.828,0.4789,0.52,M11_H15,0.719,3.0764,High_Spoilage_Risk
Wheat,23.8,69.08,729.0,4.839,9.858,-0.614,0.989,0.3805,0.4323,M02_H02,0.419,0.361,Moderate_Spoilage_Risk
Wheat,8.32,44.76,760.8,3.88,-17.797,-0.677,0.939,0.2494,0.2896,M02_H14,0.534,1.6104,Low_Spoilage_Risk
Rice_Processed,13.43,78.24,648.0,1.773,14.622,-1.47,0.946,0.4795,0.4726,M08_H22,0.787,0.3904,Moderate_Spoilage_Risk
Lentil,27.52,50.27,465.7,2.001,-7.161,-0.743,0.843,0.2064,0.2474,M04_H15,0.76,0.7093,Low_Spoilage_Risk
Groundnut,27.73,76.82,642.1,1.18,-10.886,-0.009,0.958,0.6166,0.6813,M08_H11,0.858,5.0809,High_Spoilage_Risk
Wheat,38.07,58.53,1037.3,3.243,9.432,-0.215,0.978,0.5313,0.5379,M12_H12,0.611,3.4515,High_Spoilage_Risk
Jute_Seed,35.72,50.37,583.2,4.727,-3.764,-0.117,0.999,0.316,0.3603,M03_H14,0.433,-0.1352,Moderate_Spoilage_Risk
Black_Gram,12.83,41.16,818.5,2.937,-4.217,-1.072,0.984,0.2232,0.2468,M12_H01,0.648,-1.0975,Low_Spoilage_Risk
Potato,12.58,88.53,793.9,1.119,-9.505,-0.764,0.751,0.0952,0.1238,M09_H17,0.807,2.7311,Safe
Chickpea,28.11,56.12,761.0,3.256,-7.977,0.344,0.914,0.2271,0.2625,M09_H05,0.609,1.2227,Low_Spoilage_Risk
Rice_Paddy,31.64,53.56,1047.7,2.811,-0.709,-0.393,0.977,0.4376,0.4513,M04_H11,0.663,2.0597,Moderate_Spoilage_Risk
Soybean,28.62,74.66,831.2,4.334,4.868,1.451,0.937,0.7564,0.747,M05_H11,0.48,0.1437,Critical_Spoilage
Black_Gram,14.72,71.61,958.4,0.194,2.669,1.288,0.977,0.3789,0.4184,M02_H06,0.977,0.9422,Moderate_Spoilage_Risk
Groundnut,14.89,73.05,993.1,4.735,-0.746,-1.116,0.957,0.7026,0.7546,M06_H05,0.432,2.3031,Critical_Spoilage
Jute_Seed,25.17,49.15,484.0,0.425,-4.158,0.54,0.949,0.0749,0.1141,M12_H00,0.949,0.521,Safe
Chickpea,40.3,65.28,1034.8,1.058,10.104,0.957,0.864,0.4871,0.494,M03_H18,0.873,2.6804,Moderate_Spoilage_Risk
Rice_Paddy,9.17,59.03,656.1,3.796,-6.811,0.072,0.999,0.1973,0.2406,M11_H22,0.544,-1.0843,Low_Spoilage_Risk
Potato,9.19,91.91,933.5,1.774,-3.219,0.238,0.589,0.1433,0.1209,M03_H06,0.672,-0.0712,Safe
Groundnut,29.92,55.12,1048.5,0.636,-6.834,1.126,0.916,0.4635,0.5215,M06_H22,0.924,2.6358,Moderate_Spoilage_Risk
Lentil,28.1,53.1,892.8,3.505,-4.574,1.259,0.935,0.3975,0.3893,M12_H00,0.579,-0.0335,Moderate_Spoilage_Risk
Rice_Processed,14.45,47.59,465.4,4.226,-14.723,-1.093,0.855,0.189,0.2105,M12_H20,0.493,2.1981,Low_Spoilage_Risk
Jute_Seed,36.32,72.97,1094.8,0.799,3.547,0.006,0.887,0.6028,0.6418,M07_H15,0.904,4.1286,High_Spoilage_Risk
Garlic,9.69,69.32,681.9,2.029,7.129,1.603,0.887,0.1153,0.1439,M12_H17,0.757,-0.1723,Safe
Garlic,27.3,90.27,959.1,1.677,16.898,-0.852,0.811,0.8138,0.8499,M06_H12,0.711,1.6386,Critical_Spoilage
Black_Gram,39.99,42.51,1223.3,1.167,20.01,-0.983,0.931,0.5186,0.5666,M05_H22,0.86,0.8363,High_Spoilage_Risk
Mustard_Seed,30.69,43.34,782.2,1.528,16.319,0.188,0.948,0.4066,0.4677,M02_H14,0.817,3.9545,Moderate_Spoilage_Risk
Chickpea,21.4,55.88,633.3,2.303,-3.656,-0.93,0.935,0.111,0.1552,M09_H05,0.724,-0.7328,Safe
Groundnut,36.28,51.95,954.2,2.514,8.636,-0.424,0.921,0.5108,0.5569,M12_H06,0.698,3.2654,High_Spoilage_Risk
Jute_Seed,27.87,67.81,470.7,0.817,10.682,0.532,0.954,0.101,0.1231,M04_H17,0.902,0.431,Safe
Wheat,33.97,70.63,1085.7,0.933,11.779,1.732,0.836,0.6929,0.7238,M06_H07,0.888,1.0258,Critical_Spoilage
Chickpea,5.99,50.76,478.1,2.62,-8.07,-1.276,0.892,0.1705,0.2153,M10_H23,0.686,-1.2128,Low_Spoilage_Risk
Jute_Seed,12.7,74.33,676.6,0.678,12.895,0.443,0.88,0.323,0.3875,M07_H20,0.919,3.6258,Moderate_Spoilage_Risk
Lentil,23.52,29.83,592.8,0.439,6.102,0.269,0.922,0.0878,0.1098,M02_H00,0.947,1.4557,Safe
Groundnut,30.37,43.81,593.9,0.291,-1.888,1.055,0.837,0.3123,0.2944,M05_H15,0.965,0.1674,Moderate_Spoilage_Risk
Lentil,38.65,55.12,1071.5,4.348,10.613,-0.418,0.98,0.5294,0.5657,M06_H12,0.478,-0.8339,High_Spoilage_Risk
Chickpea,26.33,48.41,549.1,3.808,4.629,0.581,0.854,0.1597,0.1987,M04_H15,0.543,0.5233,Low_Spoilage_Risk
Mustard_Seed,23.72,54.52,373.8,1.68,-8.839,0.921,0.925,0.0779,0.106,M07_H00,0.798,3.1902,Safe
Groundnut,33.06,62.76,805.5,3.76,5.335,0.584,0.867,0.4824,0.4693,M06_H07,0.549,2.198,Moderate_Spoilage_Risk
Mustard_Seed,14.96,76.76,758.6,2.254,15.836,0.97,0.914,0.5606,0.5951,M07_H07,0.73,-0.577,High_Spoilage_Risk
Lentil,26.47,40.29,575.1,1.581,3.886,0.266,0.925,0.1508,0.1939,M04_H00,0.81,4.1469,Low_Spoilage_Risk
Wheat,36.96,60.5,1055.8,3.101,-5.891,-0.477,0.825,0.4988,0.5335,M04_H03,0.628,0.7698,High_Spoilage_Risk
Soybean,27.85,82.15,751.1,4.791,23.193,-0.648,0.833,0.6885,0.6886,M07_H10,0.425,1.572,High_Spoilage_Risk
Black_Gram,27.61,51.68,590.1,2.345,14.228,-1.893,0.913,0.1125,0.1785,M01_H14,0.719,3.7145,Low_Spoilage_Risk
Jute_Seed,48.62,54.49,1207.1,0.118,2.563,-1.44,0.843,0.4209,0.481,M03_H15,0.986,3.6384,Moderate_Spoilage_Risk
Sugarcane_Ratoon,39.63,57.48,1073.4,1.714,-2.184,-0.9,0.966,0.4683,0.4861,M12_H08,0.794,0.6759,Moderate_Spoilage_Risk
Groundnut,35.4,54.29,1146.3,4.522,16.613,0.504,0.857,0.5849,0.6431,M09_H12,0.457,3.7607,High_Spoilage_Risk
Wheat,33.63,69.19,758.7,3.541,3.26,0.571,0.918,0.6361,0.6501,M12_H17,0.575,0.117,High_Spoilage_Risk
Mustard_Seed,25.76,62.0,572.1,2.006,4.408,0.182,0.881,0.2046,0.2145,M05_H23,0.759,0.1657,Low_Spoilage_Risk
Garlic,18.5,80.07,1010.6,0.64,15.567,-0.441,0.833,0.5897,0.6006,M01_H13,0.923,3.8599,High_Spoilage_Risk
Wheat,29.79,70.32,779.6,1.181,9.359,-0.728,0.98,0.5648,0.6203,M04_H03,0.858,1.588,High_Spoilage_Risk
Rice_Processed,33.25,77.61,612.2,2.972,16.366,0.595,0.999,0.6005,0.6383,M04_H04,0.643,1.0028,High_Spoilage_Risk
Soybean,4.0,71.72,821.7,4.73,5.045,-0.5,0.946,0.5747,0.5639,M08_H23,0.432,3.076,High_Spoilage_Risk
Garlic,1.92,63.34,644.3,3.084,-0.542,0.275,0.902,0.1559,0.1397,M02_H11,0.63,0.147,Safe
Chickpea,22.0,39.12,416.4,2.193,-7.174,-0.729,0.834,0.1198,0.1445,M10_H18,0.737,3.4728,Safe
Lentil,13.18,72.64,678.5,3.518,9.662,-0.95,0.89,0.5002,0.513,M04_H12,0.578,2.3247,High_Spoilage_Risk
Black_Gram,30.49,35.36,487.7,4.438,-8.734,0.788,0.969,0.3393,0.3657,M11_H15,0.467,2.4854,Moderate_Spoilage_Risk
Potato,-2,89.65,603.7,1.246,-2.145,0.764,0.875,0.1332,0.1174,M01_H21,0.773,-4.2277,Safe
Rice_Processed,39.94,53.34,1222.9,4.93,-1.252,-0.11,0.927,0.5637,0.5505,M10_H10,0.408,0.9238,High_Spoilage_Risk
Wheat,10.37,55.09,714.6,0.164,0.251,1.027,0.987,0.0659,0.0735,M08_H16,0.98,-1.3904,Safe
Maize,33.26,89.75,1476.4,4.744,17.12,-0.167,0.821,0.9983,1.0,M09_H12,0.352,4.046,Critical_Spoilage
Groundnut,26.29,57.8,477.5,4.563,1.16,-1.663,0.833,0.2185,0.2579,M02_H04,0.452,3.0345,Low_Spoilage_Risk
Mustard_Seed,39.34,67.5,1442.5,2.811,34.717,-0.296,0.916,0.8594,0.9115,M10_H13,0.663,1.2338,Critical_Spoilage
Onion,12.83,83.19,1256.6,4.875,6.622,-1.328,0.856,0.6424,0.693,M01_H12,0.415,4.3802,High_Spoilage_Risk
Potato,15.67,92.81,485.9,2.76,-11.594,-1.255,0.618,0.2297,0.2901,M01_H06,0.539,6.3538,Low_Spoilage_Risk
Soybean,28.63,48.57,596.3,3.562,-8.59,-0.811,0.939,0.3266,0.3329,M03_H18,0.573,-2.8382,Moderate_Spoilage_Risk
Chickpea,22.97,64.31,447.2,4.17,-4.271,1.085,0.965,0.2026,0.2052,M11_H02,0.5,-2.0682,Low_Spoilage_Risk
Groundnut,20.84,55.82,550.7,3.415,-16.553,-0.424,0.874,0.1303,0.1529,M09_H00,0.59,-2.638,Safe
Jute_Seed,18.6,41.88,658.5,1.9,-4.245,0.78,0.966,0.1275,0.1222,M12_H17,0.772,0.6882,Safe
Jute_Seed,33.57,69.65,627.9,0.482,6.834,0.105,0.967,0.2662,0.2566,M02_H11,0.942,2.332,Low_Spoilage_Risk
Chickpea,14.91,31.46,702.0,2.288,-4.989,-1.161,0.988,0.1573,0.1862,M02_H12,0.725,3.0155,Low_Spoilage_Risk
Jute_Seed,19.8,64.08,509.7,3.332,-7.812,-1.027,0.983,0.1172,0.0942,M08_H13,0.6,-1.398,Safe
Soybean,32.5,43.67,927.0,0.294,6.863,-0.106,0.972,0.3925,0.4134,M02_H12,0.965,1.9849,Moderate_Spoilage_Risk
Sugarcane_Ratoon,42.53,95.4,1220.6,1.797,13.644,-0.476,0.551,0.8676,0.8742,M08_H18,0.611,2.281,Critical_Spoilage
Onion,6.96,69.56,559.5,3.338,-1.857,1.158,0.907,0.1458,0.1567,M06_H21,0.599,-1.4384,Low_Spoilage_Risk
Rice_Processed,41.08,55.27,1258.3,2.257,-5.427,0.629,0.874,0.5072,0.5363,M03_H09,0.729,-0.0877,High_Spoilage_Risk
Rice_Processed,18.66,57.44,522.6,1.975,3.319,-1.502,0.832,0.0815,0.1023,M04_H12,0.763,-1.8939,Safe
Chickpea,14.26,31.85,723.5,3.871,-11.885,-0.64,0.907,0.2201,0.2514,M03_H20,0.535,0.8832,Low_Spoilage_Risk
Sugarcane_Ratoon,19.82,64.33,677.3,3.136,-9.712,-1.037,0.893,0.1173,0.1364,M12_H15,0.624,3.933,Safe
Sugarcane_Ratoon,19.57,95.5,1294.9,2.699,13.002,0.915,0.684,0.6821,0.7257,M06_H10,0.501,-1.0718,Critical_Spoilage
Mustard_Seed,12.53,41.65,743.8,0.26,-4.165,-0.775,0.834,0.1215,0.1119,M12_H23,0.969,0.8083,Safe
Garlic,7.74,55.6,867.8,2.129,-4.866,-1.227,0.987,0.204,0.1822,M12_H04,0.745,1.9711,Low_Spoilage_Risk
Maize,22.66,65.13,528.5,3.638,-3.985,0.812,0.889,0.1438,0.1817,M06_H03,0.563,1.1529,Low_Spoilage_Risk
Onion,17.79,76.7,1100.2,3.61,1.091,0.611,0.823,0.4607,0.4973,M09_H03,0.567,2.7906,Moderate_Spoilage_Risk
Onion,9.42,88.87,574.2,0.873,10.778,2.51,0.747,0.4435,0.438,M04_H08,0.831,0.0335,Moderate_Spoilage_Risk
Chickpea,36.49,48.7,1156.2,2.64,-3.106,0.562,0.823,0.5039,0.5069,M02_H14,0.683,-2.4444,High_Spoilage_Risk
Jute_Seed,31.45,75.24,1005.8,1.044,-1.999,1.184,0.896,0.4758,0.539,M12_H04,0.875,2.3858,High_Spoilage_Risk
Rice_Paddy,24.18,80.09,623.2,1.375,0.452,1.115,0.77,0.4442,0.4563,M10_H18,0.835,-1.1414,Moderate_Spoilage_Risk
Black_Gram,38.93,72.79,1180.4,3.236,26.91,-0.832,0.966,0.8246,0.888,M06_H22,0.612,2.8484,Critical_Spoilage
Sugarcane_Ratoon,22.44,65.5,384.2,2.326,6.868,0.072,0.91,0.1064,0.0905,M02_H19,0.721,-0.8629,Safe
Lentil,36.7,51.34,688.4,1.437,-1.199,2.102,0.968,0.3526,0.4101,M04_H07,0.828,-0.4014,Moderate_Spoilage_Risk
Rice_Processed,33.78,64.81,810.6,2.976,-8.144,1.263,0.947,0.2844,0.3106,M05_H21,0.643,-2.2101,Moderate_Spoilage_Risk
Onion,16.31,90.77,731.7,1.143,17.626,-0.02,0.766,0.5699,0.5996,M04_H00,0.767,-0.467,High_Spoilage_Risk
Chickpea,16.24,40.6,485.1,0.598,-8.314,-0.376,0.846,0.0224,0.0562,M02_H13,0.928,0.1771,Safe
Groundnut,14.98,53.91,465.8,0.793,-9.389,-0.526,0.982,0.0505,0.0823,M02_H06,0.905,-0.1169,Safe
Maize,39.18,65.51,820.4,2.988,18.492,-0.774,0.991,0.4343,0.4601,M07_H06,0.641,1.7413,Moderate_Spoilage_Risk
Garlic,13.54,61.75,1011.6,3.767,1.849,-0.235,0.89,0.3048,0.3315,M03_H14,0.548,4.467,Moderate_Spoilage_Risk
Mustard_Seed,17.93,42.15,593.7,2.029,-10.013,0.722,0.996,0.1347,0.1266,M08_H09,0.757,1.1073,Safe
Rice_Paddy,36.59,80.85,894.1,2.801,9.098,-0.983,0.827,0.8678,0.9304,M12_H09,0.664,5.2468,Critical_Spoilage
Rice_Processed,38.74,72.0,801.6,4.488,14.023,-0.579,0.914,0.6181,0.649,M04_H08,0.461,1.9019,High_Spoilage_Risk
Wheat,19.64,53.58,738.9,2.287,-1.666,-0.28,0.844,0.1325,0.1523,M03_H04,0.726,-0.7137,Safe
Groundnut,19.02,65.31,765.0,2.08,-0.925,-0.919,0.894,0.1866,0.187,M11_H23,0.75,-2.344,Low_Spoilage_Risk
Wheat,15.03,78.51,1149.9,2.915,1.36,0.372,0.958,0.685,0.6956,M09_H01,0.65,2.6068,High_Spoilage_Risk
Rice_Processed,38.51,67.31,995.0,1.62,-12.794,0.758,0.986,0.399,0.426,M03_H17,0.806,1.2415,Moderate_Spoilage_Risk
Jute_Seed,28.1,52.43,824.2,0.512,10.064,-0.415,0.91,0.0895,0.0717,M03_H08,0.939,0.477,Safe
Mustard_Seed,37.41,61.41,689.3,2.515,15.546,-0.862,0.965,0.4333,0.4758,M05_H04,0.698,3.4874,Moderate_Spoilage_Risk
Black_Gram,29.7,47.82,521.5,0.183,-9.761,-0.03,0.866,0.1081,0.1081,M08_H06,0.978,1.6901,Safe
Jute_Seed,20.63,64.54,510.5,4.768,-8.601,-1.263,0.986,0.1392,0.1601,M07_H22,0.428,-0.4109,Low_Spoilage_Risk
Potato,13.0,80.41,805.4,3.943,-3.815,-0.622,0.846,0.2672,0.2526,M01_H15,0.527,1.7773,Low_Spoilage_Risk
Chickpea,39.41,79.06,1463.3,2.136,33.255,-1.234,0.972,0.9392,0.9841,M08_H06,0.744,3.9069,Critical_Spoilage
Rice_Processed,17.01,69.22,483.2,4.439,-8.011,0.676,0.861,0.1895,0.1644,M07_H15,0.467,-0.0647,Low_Spoilage_Risk
Rice_Processed,32.87,79.7,1204.9,0.764,4.442,0.39,0.831,0.6613,0.6886,M05_H09,0.908,-0.5071,High_Spoilage_Risk
Sugarcane_Ratoon,38.3,86.79,914.0,2.307,11.884,0.197,0.747,0.6705,0.6835,M03_H14,0.693,5.0371,High_Spoilage_Risk
Chickpea,13.32,28.9,561.2,2.403,-0.358,1.04,0.846,0.1249,0.1201,M12_H16,0.712,4.3666,Safe
Maize,17.23,67.43,670.7,0.483,3.942,-0.095,0.841,0.032,0.0535,M05_H20,0.942,1.4181,Safe
Onion,19.39,60.14,1226.3,3.443,1.071,0.672,0.973,0.5122,0.5185,M09_H11,0.587,0.6997,High_Spoilage_Risk
Soybean,21.22,75.34,1097.4,1.569,22.389,0.774,0.948,0.6088,0.6576,M05_H17,0.812,-2.6866,High_Spoilage_Risk
Chickpea,37.26,62.08,798.3,3.162,4.746,1.49,0.877,0.4301,0.4827,M02_H18,0.621,2.1457,Moderate_Spoilage_Risk
Jute_Seed,24.99,85.37,1438.0,1.285,17.439,0.592,0.9,0.6545,0.6495,M06_H16,0.84,-0.2756,High_Spoilage_Risk
Soybean,22.64,47.82,456.6,2.408,3.62,-0.505,0.849,0.1198,0.1558,M08_H15,0.711,2.4746,Safe
Black_Gram,15.95,62.98,621.8,0.546,-2.007,-0.412,0.919,0.0515,0.094,M04_H07,0.934,0.4049,Safe
Potato,26.09,86.91,1120.4,4.616,-1.415,0.158,0.84,0.5219,0.5292,M01_H11,0.414,3.969,High_Spoilage_Risk
Maize,35.43,84.11,1609.1,3.061,18.054,0.627,0.941,0.9827,1.0,M06_H01,0.633,5.9154,Critical_Spoilage
Sugarcane_Ratoon,37.28,87.21,622.1,0.452,17.232,-1.683,0.915,0.5096,0.522,M07_H03,0.909,2.3215,High_Spoilage_Risk
Wheat,23.23,43.27,793.7,1.266,-10.711,-0.482,0.928,0.1487,0.1625,M05_H00,0.848,-0.6873,Low_Spoilage_Risk
Rice_Processed,24.6,56.25,597.0,0.14,-12.137,-0.225,0.975,0.0174,0.0281,M02_H00,0.983,0.8437,Safe
Maize,13.4,81.41,893.8,1.57,1.969,-0.213,0.829,0.5682,0.5838,M09_H15,0.812,-0.1653,High_Spoilage_Risk
Groundnut,26.05,40.74,674.3,4.909,-10.863,-1.101,0.987,0.2645,0.2804,M12_H09,0.411,1.9176,Low_Spoilage_Risk
Chickpea,10.76,56.52,660.2,1.07,-1.311,0.798,0.979,0.096,0.1239,M12_H03,0.872,-0.6336,Safe
Maize,40.25,54.89,682.5,0.247,6.097,0.497,0.855,0.3258,0.3745,M12_H12,0.97,2.8641,Moderate_Spoilage_Risk
Rice_Paddy,31.61,53.59,596.5,0.146,6.403,-1.621,0.9,0.1686,0.191,M04_H15,0.982,-0.0339,Low_Spoilage_Risk
Mustard_Seed,11.4,66.86,608.0,4.278,-2.654,-0.506,0.88,0.4524,0.4944,M02_H01,0.487,-2.0205,Moderate_Spoilage_Risk
Onion,23.07,65.7,1002.5,4.671,2.492,-0.012,0.865,0.4589,0.4577,M09_H11,0.439,1.2215,Moderate_Spoilage_Risk
Mustard_Seed,14.23,69.76,585.1,2.43,8.365,-0.57,0.854,0.4975,0.4996,M10_H01,0.708,4.6711,Moderate_Spoilage_Risk
Soybean,10.5,60.08,725.5,4.943,-6.573,0.756,0.928,0.2068,0.2485,M02_H12,0.407,-0.7831,Low_Spoilage_Risk
Rice_Paddy,27.26,83.27,814.5,4.518,-2.616,0.269,0.769,0.6417,0.6919,M04_H14,0.458,0.7689,High_Spoilage_Risk
Garlic,4.06,65.8,861.5,1.993,-17.24,-0.819,0.939,0.1548,0.1583,M12_H02,0.761,1.9996,Low_Spoilage_Risk
Onion,-2,60.6,375.8,0.208,-0.334,0.775,0.842,0.1644,0.1971,M01_H04,0.975,-3.0338,Low_Spoilage_Risk
Wheat,14.32,63.97,391.0,4.695,-2.126,0.182,0.826,0.1557,0.1598,M05_H10,0.437,1.0204,Low_Spoilage_Risk
Chickpea,37.48,70.81,1398.7,0.439,18.237,1.022,0.826,0.6759,0.7189,M03_H20,0.947,2.3421,Critical_Spoilage
Mustard_Seed,11.52,53.72,387.5,3.021,0.279,1.271,0.968,0.1176,0.1017,M03_H18,0.637,-0.7415,Safe
Soybean,23.79,55.88,432.5,2.748,-11.281,0.104,0.874,0.1148,0.1583,M08_H17,0.67,-0.3522,Safe
Potato,29.53,89.31,870.3,1.831,19.99,0.233,0.705,0.3566,0.3784,M03_H14,0.708,4.8707,Moderate_Spoilage_Risk
Potato,6.39,84.88,385.5,4.687,-7.421,0.861,0.93,0.1894,0.2156,M11_H22,0.438,0.5417,Low_Spoilage_Risk
Sugarcane_Ratoon,14.72,76.72,789.7,3.672,-2.166,0.664,0.937,0.1968,0.1832,M07_H16,0.559,3.646,Low_Spoilage_Risk
Garlic,2.46,75.61,956.9,2.904,0.504,0.05,0.896,0.389,0.4236,M11_H06,0.652,-2.0387,Moderate_Spoilage_Risk
Onion,14.57,61.85,922.3,1.467,3.224,-0.487,0.892,0.2435,0.2791,M02_H01,0.824,1.2649,Low_Spoilage_Risk
Jute_Seed,45.13,53.53,1221.2,2.995,11.915,0.085,0.973,0.5343,0.5844,M07_H10,0.641,2.186,High_Spoilage_Risk
Rice_Paddy,33.07,71.53,778.4,0.147,17.975,0.806,0.97,0.306,0.3176,M06_H04,0.982,2.8971,Moderate_Spoilage_Risk
Wheat,31.67,44.79,609.1,2.684,26.193,0.475,0.968,0.4274,0.4894,M11_H14,0.678,3.5239,Moderate_Spoilage_Risk
Groundnut,34.31,78.45,792.8,0.599,23.555,-0.169,0.987,0.7509,0.7571,M10_H16,0.928,2.5709,Critical_Spoilage
Potato,11.15,88.73,526.6,4.882,-5.203,-0.294,0.85,0.1452,0.1158,M10_H17,0.352,-1.5656,Safe
Wheat,18.57,61.33,457.5,0.959,4.633,-0.451,0.963,0.0248,0.0074,M05_H14,0.885,-4.1873,Safe
Soybean,9.28,49.78,807.6,2.361,-8.813,1.217,0.974,0.2177,0.2436,M07_H21,0.717,-0.3077,Low_Spoilage_Risk
Onion,11.9,69.49,995.9,2.949,1.564,-0.411,0.999,0.2546,0.2843,M07_H01,0.646,-3.4779,Low_Spoilage_Risk
Soybean,40.63,71.21,1419.9,3.108,12.477,-0.075,0.845,0.8434,0.8372,M08_H13,0.627,2.0741,Critical_Spoilage
Sugarcane_Ratoon,22.05,59.26,442.4,3.414,-8.454,0.841,0.933,0.1817,0.1847,M04_H21,0.59,-0.7732,Low_Spoilage_Risk
Rice_Processed,25.67,48.57,798.1,3.484,-12.085,-0.375,0.826,0.2443,0.2321,M04_H08,0.582,3.2138,Low_Spoilage_Risk
Lentil,36.02,39.08,911.7,2.996,1.678,-0.19,0.961,0.5066,0.5244,M05_H11,0.64,0.6608,High_Spoilage_Risk
Soybean,33.67,59.76,1199.0,0.416,-12.778,-0.52,0.829,0.4551,0.4328,M09_H01,0.95,1.2615,Moderate_Spoilage_Risk
Maize,20.02,70.05,641.4,4.676,-4.465,-0.269,0.824,0.1609,0.1647,M10_H14,0.439,1.0707,Low_Spoilage_Risk
Groundnut,34.49,47.87,796.1,3.132,-1.089,2.059,0.868,0.5026,0.521,M10_H15,0.624,1.3862,High_Spoilage_Risk
Groundnut,20.43,75.5,836.9,0.795,11.724,0.229,0.94,0.5482,0.5313,M10_H06,0.905,-1.9395,High_Spoilage_Risk
Sugarcane_Ratoon,32.76,85.49,529.9,3.945,5.362,1.68,0.877,0.4454,0.4402,M07_H01,0.518,3.6401,Moderate_Spoilage_Risk
Groundnut,33.41,65.82,610.7,0.41,2.465,0.859,0.836,0.3428,0.3326,M12_H07,0.951,1.508,Moderate_Spoilage_Risk
Chickpea,27.77,59.87,612.0,2.507,0.469,-0.171,0.91,0.1684,0.1687,M05_H05,0.699,1.6301,Low_Spoilage_Risk
Mustard_Seed,27.68,59.66,751.1,2.2,2.877,0.316,0.956,0.2619,0.2494,M07_H23,0.736,0.0643,Low_Spoilage_Risk
Lentil,21.15,50.78,589.9,4.044,-7.52,0.29,0.886,0.1595,0.1872,M12_H12,0.515,2.608,Low_Spoilage_Risk
Soybean,24.55,49.48,819.5,4.464,-4.417,0.773,0.824,0.2821,0.3304,M12_H06,0.464,-1.8922,Moderate_Spoilage_Risk
Wheat,20.71,43.36,710.5,1.103,-7.038,0.587,0.84,0.1282,0.1769,M10_H01,0.868,-0.1736,Low_Spoilage_Risk
Soybean,5.83,66.39,680.0,0.657,-0.02,0.145,0.928,0.1744,0.1471,M02_H01,0.921,-1.347,Low_Spoilage_Risk
Groundnut,22.61,71.44,701.7,3.108,-2.647,1.507,0.971,0.5679,0.6081,M02_H21,0.627,-0.2235,High_Spoilage_Risk
Rice_Processed,19.6,70.99,592.7,1.377,-13.429,-0.327,0.905,0.1924,0.2212,M02_H07,0.835,4.0545,Low_Spoilage_Risk
Rice_Processed,37.22,68.48,636.8,1.961,3.36,0.166,0.995,0.3221,0.3687,M03_H03,0.765,-0.518,Moderate_Spoilage_Risk
Chickpea,12.51,55.74,652.5,2.354,1.543,-1.793,0.959,0.1323,0.1967,M01_H20,0.718,5.773,Low_Spoilage_Risk
Black_Gram,20.11,79.07,968.4,4.776,3.067,1.386,0.892,0.661,0.6515,M08_H20,0.427,-0.8862,High_Spoilage_Risk
Onion,6.6,53.53,630.0,1.606,-3.137,-1.339,0.935,0.0985,0.0816,M01_H16,0.807,0.6035,Safe
Garlic,15.53,78.29,758.8,2.721,6.43,0.651,0.824,0.4748,0.5187,M05_H05,0.673,3.5556,High_Spoilage_Risk
Wheat,30.01,62.41,1048.0,3.099,7.435,0.854,0.88,0.5283,0.5832,M12_H14,0.628,1.8461,High_Spoilage_Risk
Rice_Processed,39.22,75.13,785.4,0.578,15.862,0.683,0.853,0.6148,0.6345,M11_H11,0.931,3.1586,High_Spoilage_Risk
Wheat,18.91,64.0,611.2,2.029,-4.931,-0.457,0.903,0.1059,0.086,M10_H04,0.757,3.0623,Safe
Soybean,36.16,62.34,868.9,4.651,15.602,0.281,0.941,0.5011,0.547,M06_H00,0.442,0.6264,High_Spoilage_Risk
Chickpea,33.75,63.91,954.1,3.829,-3.262,0.275,0.914,0.5288,0.5641,M11_H09,0.541,0.4034,High_Spoilage_Risk
Soybean,17.73,72.46,469.2,1.066,-5.562,-0.622,0.965,0.3807,0.3594,M06_H02,0.872,2.7804,Moderate_Spoilage_Risk
Wheat,8.95,52.91,373.9,0.542,-11.864,0.557,0.896,0.0436,0.0539,M01_H05,0.935,0.1293,Safe
Rice_Processed,40.67,54.48,1063.3,1.56,4.185,1.573,0.976,0.4343,0.4922,M04_H04,0.813,-1.9588,Moderate_Spoilage_Risk
Groundnut,22.72,70.65,964.8,2.223,15.916,0.681,0.835,0.6379,0.6448,M12_H03,0.733,-2.598,High_Spoilage_Risk
Mustard_Seed,22.09,49.55,626.2,4.151,3.813,0.701,0.96,0.1718,0.2006,M02_H11,0.502,1.7596,Low_Spoilage_Risk
Lentil,37.69,25.58,839.8,1.601,12.896,-0.986,0.851,0.4321,0.4525,M11_H11,0.808,1.1562,Moderate_Spoilage_Risk
Onion,1.32,90.15,1356.0,2.539,2.451,-0.194,0.772,0.7516,0.7825,M03_H21,0.609,2.7091,Critical_Spoilage
Groundnut,23.41,48.48,555.7,3.182,-4.927,0.569,0.848,0.1803,0.1953,M11_H00,0.618,-2.1354,Low_Spoilage_Risk
Rice_Paddy,40.54,77.55,916.6,4.101,31.282,-0.41,0.963,0.7685,0.7755,M05_H05,0.508,2.8483,Critical_Spoilage
Mustard_Seed,17.55,57.21,636.9,0.904,-13.692,0.339,0.927,0.0721,0.0884,M04_H16,0.892,1.4631,Safe
Jute_Seed,27.95,56.79,841.5,3.364,-9.111,-0.148,0.995,0.223,0.2072,M03_H10,0.596,0.1795,Low_Spoilage_Risk
Garlic,8.17,70.84,906.6,4.762,-13.537,0.494,0.934,0.2385,0.2532,M01_H21,0.429,2.7239,Low_Spoilage_Risk
Soybean,20.17,69.15,712.0,3.354,1.695,0.387,0.976,0.3597,0.4195,M10_H15,0.598,2.5946,Moderate_Spoilage_Risk
Mustard_Seed,27.08,41.36,699.1,3.159,1.038,-0.761,0.958,0.3234,0.3167,M05_H09,0.621,-0.5444,Moderate_Spoilage_Risk
Mustard_Seed,37.18,58.75,847.0,2.051,20.652,1.192,0.928,0.418,0.4216,M04_H21,0.754,3.7673,Moderate_Spoilage_Risk
Mustard_Seed,34.48,73.54,980.3,3.853,19.453,-0.389,0.847,0.9258,0.9396,M10_H04,0.538,2.6597,Critical_Spoilage
Maize,26.58,60.89,399.1,1.87,-16.065,-1.506,0.935,0.0579,0.0482,M10_H01,0.776,1.5837,Safe
Rice_Paddy,24.71,68.48,869.7,1.563,-15.994,1.075,0.952,0.1662,0.2196,M10_H22,0.812,1.2754,Low_Spoilage_Risk
Lentil,10.09,71.51,599.6,2.354,3.19,-0.585,0.971,0.4072,0.4586,M07_H08,0.718,1.4434,Moderate_Spoilage_Risk
Rice_Paddy,24.82,51.14,719.3,1.836,6.075,-1.355,0.83,0.1601,0.1933,M10_H15,0.78,2.1166,Low_Spoilage_Risk
Maize,12.87,65.71,584.5,3.623,-10.266,0.707,0.917,0.1335,0.1444,M11_H12,0.565,-1.6613,Safe
Groundnut,15.5,58.83,501.7,2.592,-1.315,-1.084,0.949,0.093,0.106,M12_H13,0.689,-1.9115,Safe
Soybean,36.38,60.0,782.2,0.547,10.356,-0.097,0.938,0.3303,0.3687,M06_H12,0.934,4.2209,Moderate_Spoilage_Risk
Sugarcane_Ratoon,31.95,64.79,986.3,1.367,5.862,-0.177,0.978,0.2017,0.217,M02_H22,0.836,-2.9122,Low_Spoilage_Risk
Lentil,12.1,51.99,587.5,1.16,-4.534,-2.002,0.934,0.057,0.0527,M02_H10,0.861,0.2989,Safe
Black_Gram,13.02,60.24,605.8,4.946,5.966,0.957,0.833,0.1739,0.1777,M03_H17,0.406,-1.8898,Low_Spoilage_Risk
Jute_Seed,14.14,40.06,727.7,4.73,-1.601,0.237,0.909,0.2543,0.3013,M02_H09,0.432,-0.1052,Low_Spoilage_Risk
Lentil,17.68,50.59,445.0,0.198,-8.598,-1.366,0.853,0.0237,0.0785,M08_H03,0.976,2.4063,Safe
Sugarcane_Ratoon,22.45,67.98,715.6,4.966,-11.176,-0.846,0.957,0.1672,0.15,M12_H11,0.404,-4.6593,Low_Spoilage_Risk
Sugarcane_Ratoon,24.33,70.13,738.2,3.562,-4.134,-0.05,0.975,0.1618,0.1732,M03_H17,0.573,0.6686,Low_Spoilage_Risk
Garlic,10.13,86.01,695.5,1.14,-3.555,0.357,0.711,0.4803,0.5141,M04_H13,0.846,1.0643,High_Spoilage_Risk
Wheat,27.45,64.54,653.7,0.903,5.096,-0.235,0.951,0.1842,0.2246,M09_H02,0.892,-3.9035,Low_Spoilage_Risk
Chickpea,35.89,40.23,813.7,3.277,15.524,-2.208,0.893,0.4311,0.4337,M07_H18,0.607,1.2659,Moderate_Spoilage_Risk
Soybean,16.17,72.18,1002.9,4.878,-0.089,-0.195,0.987,0.6028,0.6261,M06_H07,0.415,-1.0597,High_Spoilage_Risk
Garlic,5.84,73.14,890.1,1.189,6.225,-0.284,0.959,0.2299,0.2087,M03_H15,0.857,-1.062,Low_Spoilage_Risk
Soybean,33.02,47.89,1163.5,1.831,-3.082,-0.247,0.909,0.5296,0.5375,M05_H16,0.78,2.1814,High_Spoilage_Risk
Onion,-2,78.55,629.3,3.876,-8.063,0.722,0.853,0.3642,0.3719,M06_H22,0.535,4.5586,Moderate_Spoilage_Risk
Jute_Seed,19.27,61.27,372.5,4.462,-14.699,0.292,0.838,0.1497,0.1316,M08_H01,0.465,1.7229,Safe
Groundnut,24.86,62.79,463.9,0.309,-12.994,-0.199,0.946,0.0,0.0,M08_H23,0.963,0.6531,Safe
Onion,13.27,88.43,1153.0,0.116,10.365,0.866,0.917,0.6172,0.6687,M06_H23,0.929,2.1276,High_Spoilage_Risk
Wheat,14.24,46.89,702.0,3.022,9.028,-0.225,0.836,0.2165,0.2169,M03_H20,0.637,-2.694,Low_Spoilage_Risk
Lentil,32.72,75.23,800.9,4.678,19.649,0.356,0.85,0.844,0.8465,M08_H00,0.439,1.4613,Critical_Spoilage
Maize,39.13,64.29,1434.7,1.862,13.684,-0.649,0.896,0.5289,0.5554,M10_H14,0.777,3.1851,High_Spoilage_Risk
Rice_Paddy,30.52,67.63,458.4,3.355,-3.833,0.608,0.874,0.2166,0.2302,M09_H21,0.597,2.1788,Low_Spoilage_Risk
Mustard_Seed,12.78,62.24,816.2,2.488,-14.08,-0.174,0.836,0.2695,0.324,M05_H03,0.701,2.5762,Moderate_Spoilage_Risk
Groundnut,35.86,60.7,989.6,2.064,3.704,0.756,0.829,0.4761,0.4825,M05_H10,0.752,4.6524,Moderate_Spoilage_Risk
Rice_Paddy,17.4,53.8,638.9,0.858,-5.7,-1.541,0.883,0.0898,0.0703,M07_H23,0.897,0.433,Safe
Sugarcane_Ratoon,33.73,85.11,839.1,3.323,-7.538,-0.741,0.838,0.505,0.5009,M02_H18,0.599,0.9037,High_Spoilage_Risk
Maize,31.44,61.98,1105.5,0.103,9.829,-0.372,0.888,0.358,0.3874,M08_H01,0.988,-2.5328,Moderate_Spoilage_Risk
Jute_Seed,20.42,73.17,588.5,2.504,1.642,-0.873,0.852,0.3321,0.3578,M03_H15,0.7,1.9993,Moderate_Spoilage_Risk
Potato,21.61,94.43,1009.0,2.838,20.893,0.108,0.702,0.4715,0.4924,M09_H00,0.502,2.0469,Moderate_Spoilage_Risk
Black_Gram,42.81,71.14,1663.5,4.605,13.895,0.246,0.918,0.854,0.8861,M04_H19,0.447,2.9018,Critical_Spoilage
Maize,35.13,74.08,812.0,0.401,5.982,-0.217,0.886,0.5209,0.5458,M05_H15,0.952,0.9281,High_Spoilage_Risk
Wheat,33.93,66.43,600.3,0.832,10.349,0.441,0.888,0.36,0.3532,M01_H06,0.9,-0.1988,Moderate_Spoilage_Risk
Wheat,29.61,69.88,1046.6,0.386,-2.015,-0.495,0.834,0.5828,0.5965,M11_H01,0.954,0.7291,High_Spoilage_Risk
Wheat,27.0,69.92,649.5,3.853,5.892,-0.866,0.854,0.504,0.5176,M05_H15,0.538,1.4889,High_Spoilage_Risk
Rice_Processed,31.73,58.34,492.6,4.483,-1.35,-1.222,0.849,0.207,0.2542,M10_H14,0.462,-0.2015,Low_Spoilage_Risk
Wheat,16.22,43.48,755.0,4.191,-1.82,-0.718,0.924,0.2536,0.2865,M07_H14,0.497,-0.2225,Low_Spoilage_Risk
Wheat,19.01,55.15,559.3,4.068,-11.513,-0.12,0.909,0.1359,0.1661,M01_H01,0.512,-0.8578,Low_Spoilage_Risk
Rice_Paddy,28.68,90.17,1141.8,3.213,1.469,-0.455,0.524,0.7347,0.7341,M08_H14,0.528,1.31,Critical_Spoilage
Groundnut,29.87,49.21,742.3,1.817,3.86,-1.038,0.879,0.4269,0.4247,M04_H16,0.782,1.0281,Moderate_Spoilage_Risk
Chickpea,37.69,57.95,866.5,3.956,2.173,-0.537,0.883,0.4654,0.5041,M06_H12,0.525,-1.5047,Moderate_Spoilage_Risk
Maize,31.3,72.12,1167.0,3.275,2.471,0.241,0.864,0.5988,0.6506,M06_H04,0.607,1.8118,High_Spoilage_Risk
Lentil,10.01,34.76,716.8,0.652,-7.964,-0.535,0.822,0.1268,0.1078,M03_H09,0.922,-2.2926,Safe
Rice_Processed,33.09,35.87,938.4,2.672,-13.911,-0.051,0.86,0.3477,0.3876,M02_H13,0.679,-2.7936,Moderate_Spoilage_Risk
Chickpea,7.12,44.7,527.8,3.113,-4.958,0.321,0.856,0.1511,0.1777,M04_H23,0.626,0.7131,Low_Spoilage_Risk
Wheat,13.16,62.31,764.9,1.58,-2.525,-0.803,0.953,0.1124,0.1457,M10_H04,0.81,-1.1911,Safe
Mustard_Seed,39.07,38.53,823.0,2.823,17.453,-0.684,0.93,0.494,0.4974,M07_H15,0.661,6.0705,Moderate_Spoilage_Risk
Sugarcane_Ratoon,13.26,80.32,440.7,4.455,4.857,0.907,0.733,0.2309,0.2752,M09_H00,0.465,-2.8867,Low_Spoilage_Risk
Wheat,24.42,47.07,819.1,1.462,-5.161,0.985,0.9,0.1807,0.1647,M02_H10,0.825,0.3512,Low_Spoilage_Risk
Sugarcane_Ratoon,27.63,86.66,862.3,2.973,2.354,0.675,0.864,0.4309,0.4524,M08_H13,0.616,4.5559,Moderate_Spoilage_Risk
Potato,15.13,95.23,1098.4,3.658,-14.599,-0.485,0.543,0.4111,0.467,M08_H22,0.391,3.0361,Moderate_Spoilage_Risk
Lentil,12.53,42.32,404.0,4.201,-4.977,-0.444,0.884,0.141,0.1682,M09_H19,0.496,-1.1549,Low_Spoilage_Risk
Wheat,17.34,50.68,489.9,3.131,-0.884,0.316,0.939,0.1298,0.1688,M04_H07,0.624,2.6323,Low_Spoilage_Risk
Black_Gram,15.55,73.48,537.3,4.053,13.05,1.232,0.903,0.4313,0.4722,M06_H15,0.514,1.5378,Moderate_Spoilage_Risk
Chickpea,10.05,42.52,583.6,1.376,7.136,-0.172,0.848,0.0859,0.0624,M12_H02,0.835,-0.1059,Safe
Mustard_Seed,40.7,69.73,851.4,2.919,31.194,-1.153,0.83,0.8434,0.8441,M05_H12,0.65,1.0474,Critical_Spoilage
Rice_Processed,14.9,77.59,711.4,1.264,3.711,-1.481,0.967,0.4585,0.457,M03_H19,0.848,1.2817,Moderate_Spoilage_Risk
Rice_Processed,20.51,48.0,431.6,4.276,6.384,0.32,0.854,0.1835,0.2288,M03_H22,0.487,3.6445,Low_Spoilage_Risk
Groundnut,7.58,58.72,833.5,0.496,2.158,0.04,0.906,0.1564,0.1555,M02_H08,0.94,0.8819,Low_Spoilage_Risk
Soybean,21.26,81.78,984.8,0.466,20.688,0.826,0.812,0.5197,0.5898,M09_H14,0.944,3.2573,High_Spoilage_Risk
Onion,11.94,80.35,1112.6,1.86,6.378,-0.603,0.89,0.3875,0.3768,M02_H05,0.777,4.4074,Moderate_Spoilage_Risk
Rice_Paddy,19.78,57.82,802.2,2.42,-5.675,1.124,0.871,0.18,0.1558,M01_H06,0.71,0.6582,Low_Spoilage_Risk
Mustard_Seed,32.16,60.85,989.0,0.57,14.184,1.009,0.982,0.4322,0.4856,M12_H06,0.932,3.3421,Moderate_Spoilage_Risk
Lentil,34.68,39.39,1055.8,2.623,0.987,0.013,0.881,0.5015,0.5125,M10_H09,0.685,0.8704,High_Spoilage_Risk
Lentil,6.02,57.74,410.4,1.866,-9.921,-0.205,0.882,0.0972,0.1012,M02_H02,0.776,0.6436,Safe
Soybean,22.49,56.1,763.2,1.218,1.338,0.285,0.841,0.0955,0.1216,M01_H08,0.854,-0.5911,Safe
Rice_Processed,20.38,87.53,886.5,0.112,16.151,0.847,0.883,0.4764,0.5092,M09_H23,0.944,-1.2587,Moderate_Spoilage_Risk
Lentil,36.49,51.85,1040.2,2.255,9.555,-0.108,0.846,0.4734,0.4561,M10_H16,0.729,-0.0213,Moderate_Spoilage_Risk
Chickpea,8.95,50.95,585.8,1.87,-9.051,-0.163,0.963,0.0958,0.0793,M02_H03,0.776,-2.16,Safe
Sugarcane_Ratoon,31.15,64.44,803.4,1.716,-2.952,-0.72,0.833,0.1405,0.1353,M07_H11,0.794,-2.9339,Safe
Garlic,13.32,82.03,1374.6,1.704,14.481,-0.272,0.748,0.6906,0.7006,M09_H19,0.796,1.6333,High_Spoilage_Risk
Rice_Paddy,19.15,58.14,541.5,1.315,-3.397,0.585,0.874,0.0615,0.0328,M09_H10,0.842,0.1172,Safe
Potato,0.67,80.38,904.4,1.603,10.841,-0.741,0.915,0.2295,0.239,M12_H21,0.808,-5.571,Low_Spoilage_Risk
Mustard_Seed,27.32,57.0,890.9,0.211,-12.042,-0.84,0.855,0.23,0.2366,M01_H10,0.975,-1.5285,Low_Spoilage_Risk
Onion,11.93,67.32,722.3,2.204,-1.019,-0.57,0.984,0.1507,0.1514,M03_H00,0.736,1.9279,Low_Spoilage_Risk
Chickpea,8.44,75.19,721.2,0.115,18.602,-0.019,0.939,0.4385,0.5,M09_H04,0.986,3.0136,Moderate_Spoilage_Risk
Soybean,19.18,55.73,663.9,1.95,-10.377,0.433,0.876,0.1029,0.095,M03_H03,0.766,0.9676,Safe
Groundnut,29.68,54.59,521.9,1.779,-6.064,-1.04,0.916,0.3202,0.3201,M03_H11,0.787,-0.2681,Moderate_Spoilage_Risk
Onion,8.45,69.54,407.7,2.518,-18.276,-0.826,0.955,0.1192,0.107,M01_H06,0.698,-0.6478,Safe
Chickpea,19.87,67.75,657.3,1.187,-3.403,0.426,0.837,0.229,0.245,M06_H06,0.858,1.2957,Low_Spoilage_Risk
Sugarcane_Ratoon,23.16,81.17,688.4,4.859,8.356,0.177,0.736,0.2521,0.235,M08_H01,0.417,2.5469,Low_Spoilage_Risk
Black_Gram,28.31,60.17,457.9,2.362,-15.613,-0.327,0.909,0.1055,0.0858,M08_H02,0.717,-0.2066,Safe
Jute_Seed,17.11,47.03,590.3,0.753,-9.63,-0.775,0.942,0.067,0.0987,M06_H19,0.91,0.7776,Safe
Lentil,38.22,62.76,1026.2,0.63,5.889,0.359,0.957,0.4803,0.4668,M09_H18,0.924,2.6929,Moderate_Spoilage_Risk
Groundnut,19.06,82.19,938.6,1.634,-4.282,1.641,0.927,0.6182,0.6439,M07_H05,0.804,2.4247,High_Spoilage_Risk
Potato,9.76,81.09,644.6,0.893,4.905,-1.675,0.823,0.0734,0.0901,M12_H17,0.893,-1.5843,Safe
Jute_Seed,33.35,62.46,487.6,1.685,4.593,0.411,0.83,0.1895,0.1891,M12_H09,0.798,-3.4281,Low_Spoilage_Risk
Sugarcane_Ratoon,18.43,89.12,981.2,0.987,-1.189,1.633,0.811,0.4343,0.4829,M06_H22,0.813,-0.8814,Moderate_Spoilage_Risk
Maize,19.94,74.81,1053.2,3.733,1.557,0.54,0.885,0.4977,0.4851,M09_H21,0.552,-0.2796,Moderate_Spoilage_Risk
Sugarcane_Ratoon,38.95,52.74,1299.0,2.886,-1.405,-0.553,0.909,0.5526,0.5692,M05_H07,0.654,-0.5885,High_Spoilage_Risk
Potato,16.47,97.63,1092.1,0.725,-11.334,-1.568,0.552,0.7004,0.6818,M10_H19,0.703,0.3245,High_Spoilage_Risk
Black_Gram,6.42,60.22,463.8,0.51,-2.423,0.347,0.826,0.0716,0.1177,M02_H04,0.939,-1.4294,Safe
Wheat,10.34,44.91,569.3,3.512,5.358,-0.812,0.987,0.1675,0.1492,M04_H01,0.579,-0.7078,Low_Spoilage_Risk
Garlic,-0.37,86.05,582.6,2.589,5.721,0.783,0.776,0.5922,0.63,M06_H22,0.672,0.558,High_Spoilage_Risk
Rice_Paddy,21.54,63.87,400.2,4.175,-6.281,1.417,0.974,0.1546,0.1707,M05_H18,0.499,1.8532,Low_Spoilage_Risk
Sugarcane_Ratoon,17.42,72.44,500.2,1.691,1.09,1.476,0.988,0.0796,0.0867,M08_H14,0.797,-1.0926,Safe
Sugarcane_Ratoon,32.02,83.84,844.6,3.11,-3.384,-0.199,0.735,0.3934,0.3927,M03_H06,0.627,1.1416,Moderate_Spoilage_Risk
Black_Gram,13.27,50.51,628.3,4.102,-0.687,0.833,0.979,0.1786,0.1936,M01_H16,0.508,1.9595,Low_Spoilage_Risk
Black_Gram,22.09,41.08,408.9,3.735,-8.056,-1.453,0.898,0.1884,0.1719,M05_H19,0.552,-0.5979,Low_Spoilage_Risk
Lentil,37.95,34.65,743.6,0.131,8.283,0.239,0.846,0.3483,0.4107,M03_H15,0.984,2.9127,Moderate_Spoilage_Risk
Potato,4.96,96.44,1045.2,4.431,-3.305,-0.704,0.694,0.5488,0.5515,M08_H10,0.278,0.9596,High_Spoilage_Risk
Sugarcane_Ratoon,35.07,65.0,727.1,4.819,10.177,-0.555,0.9,0.3373,0.3442,M10_H20,0.422,2.1833,Moderate_Spoilage_Risk
Mustard_Seed,23.89,68.04,957.7,2.73,-2.635,0.99,0.935,0.5283,0.5507,M02_H13,0.672,2.8372,High_Spoilage_Risk
Potato,0.74,78.1,860.7,4.713,16.399,1.314,0.873,0.3374,0.3796,M10_H03,0.434,1.7722,Moderate_Spoilage_Risk
Wheat,14.83,52.65,801.4,2.478,-2.467,-0.618,0.945,0.1571,0.1439,M08_H23,0.703,0.6396,Safe
Lentil,39.62,58.25,936.6,2.295,1.868,0.757,0.881,0.4303,0.4354,M03_H19,0.725,3.6477,Moderate_Spoilage_Risk
Black_Gram,33.52,57.27,846.5,3.86,-4.746,0.505,0.905,0.4908,0.5389,M01_H12,0.537,3.067,High_Spoilage_Risk
Garlic,9.33,51.89,494.6,4.417,-5.127,-0.91,0.891,0.2082,0.2081,M12_H12,0.47,-1.7859,Low_Spoilage_Risk
Maize,14.95,47.44,651.7,1.748,-11.118,0.257,0.869,0.1023,0.1076,M03_H02,0.79,-1.5793,Safe
Groundnut,15.73,60.84,428.5,3.398,-7.075,0.084,0.966,0.1523,0.1519,M02_H21,0.592,4.1645,Low_Spoilage_Risk
Maize,7.52,73.73,527.7,0.925,0.074,-0.513,0.98,0.2363,0.2539,M02_H23,0.889,0.2854,Low_Spoilage_Risk
Soybean,39.36,48.87,1000.3,2.721,13.148,0.329,0.919,0.5241,0.5211,M05_H06,0.673,2.6302,High_Spoilage_Risk
Maize,13.56,69.5,497.0,4.718,-5.621,1.286,0.969,0.1499,0.1239,M09_H08,0.434,0.6076,Safe
Maize,22.21,79.75,1048.5,3.009,4.882,-1.111,0.94,0.6926,0.7542,M07_H03,0.639,2.7335,Critical_Spoilage
Jute_Seed,24.33,54.09,716.1,2.014,7.789,0.449,0.881,0.1298,0.1703,M01_H05,0.758,-1.9038,Low_Spoilage_Risk
Soybean,36.92,57.85,860.7,4.815,17.111,0.781,0.97,0.4911,0.5042,M06_H02,0.422,0.3424,Moderate_Spoilage_Risk
Black_Gram,13.67,66.42,854.4,2.748,10.536,0.743,0.963,0.3129,0.3026,M06_H04,0.67,-1.2051,Moderate_Spoilage_Risk
Rice_Processed,21.4,59.92,589.0,2.202,-3.766,0.011,0.991,0.1059,0.1364,M03_H15,0.736,-3.1668,Safe
Soybean,25.63,53.1,464.4,4.126,-1.382,0.669,0.887,0.1745,0.1989,M10_H02,0.505,-4.3754,Low_Spoilage_Risk
Rice_Processed,31.9,63.57,786.5,3.837,12.065,-0.387,0.867,0.2405,0.2256,M06_H10,0.54,0.9971,Low_Spoilage_Risk
Lentil,11.4,56.51,656.6,2.608,-7.243,0.286,0.954,0.1515,0.148,M05_H12,0.687,3.4912,Safe
Soybean,20.39,59.14,641.3,4.027,6.719,-0.732,0.833,0.1922,0.2387,M03_H15,0.517,0.0353,Low_Spoilage_Risk
Potato,10.39,92.68,492.6,2.156,0.001,0.971,0.698,0.0825,0.0875,M10_H15,0.613,-2.3158,Safe
Garlic,5.23,66.79,608.3,2.582,0.135,0.683,0.94,0.1063,0.1083,M07_H04,0.69,-0.5421,Safe
Potato,19.96,77.43,582.3,4.994,17.873,1.109,0.939,0.4582,0.505,M10_H18,0.401,2.5714,Moderate_Spoilage_Risk
Rice_Paddy,16.38,52.64,584.9,2.562,-22.85,0.986,0.876,0.1272,0.1705,M11_H11,0.693,-1.9097,Low_Spoilage_Risk
Wheat,18.08,62.62,702.7,4.893,4.629,0.384,0.979,0.1762,0.1807,M11_H17,0.413,-0.8658,Low_Spoilage_Risk
Wheat,3.05,66.65,848.5,4.122,-2.76,0.956,0.97,0.3564,0.397,M10_H01,0.505,1.7429,Moderate_Spoilage_Risk
Groundnut,19.27,63.94,480.9,3.076,2.886,-0.917,0.868,0.133,0.1111,M06_H17,0.631,1.7173,Safe
Maize,27.81,56.45,841.1,0.396,3.625,-0.323,0.993,0.1394,0.1438,M05_H11,0.952,2.0893,Safe
Jute_Seed,17.78,66.28,676.4,1.166,-8.323,1.794,0.826,0.1113,0.1307,M02_H09,0.86,-2.2008,Safe
Lentil,27.34,58.38,806.9,0.838,-3.097,0.549,0.908,0.2203,0.2544,M05_H23,0.899,0.0664,Low_Spoilage_Risk
Onion,4.27,81.52,1135.6,3.418,7.25,0.124,0.873,0.4847,0.4953,M07_H02,0.59,2.4766,Moderate_Spoilage_Risk
Jute_Seed,18.61,40.37,419.5,1.21,-2.658,-0.924,0.891,0.0725,0.1012,M04_H03,0.855,-2.175,Safe
Jute_Seed,40.85,73.58,1134.0,3.471,13.022,0.08,0.974,0.7669,0.7667,M08_H22,0.583,3.3808,Critical_Spoilage
Sugarcane_Ratoon,40.92,61.09,780.3,3.866,21.047,1.228,0.84,0.4269,0.4913,M12_H13,0.536,-4.1007,Moderate_Spoilage_Risk
Mustard_Seed,16.49,39.15,687.8,4.239,-10.998,0.291,0.999,0.2395,0.2188,M12_H14,0.491,-0.3277,Low_Spoilage_Risk
Potato,23.74,92.33,1203.5,2.738,18.308,0.204,0.841,0.5064,0.5409,M10_H05,0.549,0.1406,High_Spoilage_Risk
Soybean,38.16,61.58,748.7,3.631,6.963,-0.58,0.979,0.4551,0.4481,M03_H09,0.564,2.2676,Moderate_Spoilage_Risk
Garlic,16.1,82.59,938.2,1.417,3.22,1.847,0.781,0.6267,0.6776,M10_H00,0.83,6.3406,High_Spoilage_Risk
Sugarcane_Ratoon,34.36,90.9,756.4,2.448,6.532,0.816,0.732,0.6113,0.596,M06_H16,0.608,-0.4774,High_Spoilage_Risk
Rice_Processed,7.31,55.74,385.9,2.951,0.198,-0.884,0.983,0.1714,0.1895,M12_H20,0.646,1.4994,Low_Spoilage_Risk
Jute_Seed,39.08,63.23,835.3,4.97,5.236,0.216,0.93,0.4689,0.4799,M09_H05,0.404,-0.6089,Moderate_Spoilage_Risk
Black_Gram,32.97,44.96,850.8,1.545,-18.968,-1.03,0.931,0.4455,0.4417,M03_H04,0.815,1.0401,Moderate_Spoilage_Risk
Groundnut,25.65,70.12,1053.9,2.733,1.312,-1.07,0.987,0.6846,0.6999,M03_H23,0.672,1.9099,High_Spoilage_Risk
Maize,33.27,78.58,1335.6,1.034,6.246,0.021,0.918,0.8465,0.8948,M06_H06,0.876,3.6395,Critical_Spoilage
Rice_Processed,32.0,41.76,456.0,2.212,8.586,-0.898,0.839,0.1746,0.1941,M02_H00,0.735,-0.5734,Low_Spoilage_Risk
Mustard_Seed,10.64,69.11,627.4,1.435,4.194,1.303,0.938,0.4328,0.4747,M08_H01,0.828,3.3659,Moderate_Spoilage_Risk
Garlic,-2,82.42,933.0,0.858,-0.402,-0.874,0.831,0.589,0.6115,M10_H00,0.897,-0.2014,High_Spoilage_Risk
Rice_Paddy,15.54,49.59,891.5,3.095,-8.493,0.102,0.98,0.2659,0.2934,M04_H21,0.629,-2.1901,Low_Spoilage_Risk
Rice_Processed,20.63,51.98,873.2,1.636,-3.352,0.82,0.858,0.1467,0.1651,M03_H10,0.804,0.7821,Low_Spoilage_Risk
Soybean,17.23,47.39,742.9,4.211,-11.773,-0.839,0.971,0.2269,0.2353,M10_H21,0.495,1.3962,Low_Spoilage_Risk
Potato,1.95,83.14,927.4,4.847,0.229,-1.839,0.798,0.3276,0.3758,M04_H03,0.418,2.6153,Moderate_Spoilage_Risk
Rice_Paddy,30.44,61.03,564.6,2.811,-0.013,1.13,0.841,0.215,0.2532,M11_H13,0.663,-0.7435,Low_Spoilage_Risk
Maize,32.07,51.38,922.9,1.51,9.553,1.574,0.958,0.4204,0.4885,M03_H08,0.819,0.381,Moderate_Spoilage_Risk
Black_Gram,11.37,43.78,714.6,3.855,-6.332,1.049,0.961,0.2388,0.2733,M12_H21,0.537,0.4306,Low_Spoilage_Risk
Garlic,13.02,53.88,728.5,0.191,-5.086,-0.685,0.85,0.1295,0.1129,M01_H20,0.977,0.7787,Safe
Maize,15.58,54.39,801.6,3.603,-8.931,-1.119,0.879,0.2528,0.2886,M11_H21,0.568,-1.4972,Low_Spoilage_Risk
Rice_Processed,11.19,60.87,767.4,3.652,-26.369,-0.917,0.943,0.2032,0.195,M10_H19,0.562,0.1106,Low_Spoilage_Risk
Groundnut,22.26,54.69,709.8,4.479,-9.174,-1.784,0.907,0.1941,0.1764,M09_H19,0.463,-0.5718,Low_Spoilage_Risk
Groundnut,37.58,58.84,676.4,4.212,13.355,1.52,0.98,0.4188,0.4572,M10_H09,0.495,0.9676,Moderate_Spoilage_Risk
Onion,16.12,78.12,1137.5,3.176,3.653,0.291,0.909,0.4827,0.5169,M07_H00,0.619,0.1396,High_Spoilage_Risk
Jute_Seed,34.85,44.49,989.7,2.069,7.655,0.931,0.825,0.371,0.3936,M10_H01,0.752,-3.2658,Moderate_Spoilage_Risk
Soybean,17.72,62.32,391.2,2.055,-11.04,0.512,0.987,0.0789,0.0986,M07_H14,0.753,1.626,Safe
Lentil,32.2,62.26,766.5,1.472,2.069,-0.477,0.846,0.4223,0.4745,M02_H01,0.823,2.1733,Moderate_Spoilage_Risk
Rice_Paddy,17.06,73.95,944.4,1.893,-6.419,0.124,0.99,0.3537,0.3553,M02_H09,0.773,2.6614,Moderate_Spoilage_Risk
Potato,16.22,76.62,605.1,3.504,-3.182,-1.061,0.852,0.306,0.2889,M11_H18,0.58,-1.2047,Low_Spoilage_Risk
Potato,12.4,99,602.9,3.558,4.425,-0.368,0.808,0.5699,0.5643,M10_H03,0.34,-0.9121,High_Spoilage_Risk
Rice_Processed,39.95,75.68,1199.7,2.268,3.366,0.604,0.845,0.7816,0.8342,M03_H14,0.728,6.2653,Critical_Spoilage
Sugarcane_Ratoon,34.58,64.87,1124.9,1.221,10.692,-0.082,0.951,0.3003,0.3493,M05_H21,0.853,-0.9688,Moderate_Spoilage_Risk
Mustard_Seed,38.16,59.15,818.0,0.38,0.722,-0.179,0.949,0.3356,0.3592,M11_H08,0.954,1.5368,Moderate_Spoilage_Risk
Rice_Processed,39.7,83.22,746.1,3.378,21.204,-1.126,0.853,0.8298,0.902,M04_H19,0.595,4.2665,Critical_Spoilage
Onion,8.4,84.55,914.1,0.534,-5.413,-0.093,0.842,0.3843,0.3784,M05_H14,0.936,-1.8214,Moderate_Spoilage_Risk
Garlic,22.17,60.74,1202.6,4.828,3.366,1.799,0.87,0.5222,0.5181,M04_H13,0.421,1.1946,High_Spoilage_Risk
Garlic,23.39,67.58,1495.8,0.309,9.773,1.094,0.949,0.4395,0.4915,M01_H13,0.963,6.6276,Moderate_Spoilage_Risk
Mustard_Seed,10.51,72.3,765.3,0.192,-0.19,0.993,0.939,0.4679,0.4954,M10_H12,0.977,1.5423,Moderate_Spoilage_Risk
Rice_Processed,13.88,44.74,767.8,2.965,-0.315,0.397,0.916,0.2297,0.2163,M12_H10,0.644,-1.9967,Low_Spoilage_Risk
Wheat,26.8,55.27,589.4,1.728,3.116,1.277,0.986,0.1807,0.2076,M12_H19,0.793,0.5345,Low_Spoilage_Risk
Potato,7.13,85.16,924.4,0.646,-3.768,0.435,0.878,0.0911,0.1227,M06_H09,0.92,-0.3957,Safe
Jute_Seed,15.01,85.56,1151.8,0.858,19.749,-0.198,0.934,0.6004,0.6331,M09_H04,0.888,-0.2432,High_Spoilage_Risk
Chickpea,41.13,57.11,1363.4,0.427,12.334,0.03,0.989,0.4574,0.4597,M11_H15,0.949,1.4616,Moderate_Spoilage_Risk
Mustard_Seed,32.51,41.44,814.3,2.118,3.606,-1.514,0.928,0.4602,0.4657,M10_H15,0.746,3.978,Moderate_Spoilage_Risk
Groundnut,8.75,52.32,519.2,2.859,-3.846,-0.498,0.994,0.1313,0.1525,M12_H16,0.657,-0.2899,Safe
Onion,15.49,83.82,740.3,4.92,11.982,1.203,0.931,0.5461,0.5721,M09_H04,0.41,3.9498,High_Spoilage_Risk
Wheat,24.95,63.42,642.3,4.502,-7.907,1.324,0.872,0.1897,0.1804,M08_H18,0.46,0.2804,Low_Spoilage_Risk
Soybean,17.81,43.98,652.2,1.043,-7.784,-0.591,0.841,0.0961,0.0856,M01_H02,0.875,-4.9587,Safe
Soybean,22.04,61.38,620.9,1.053,-4.876,-1.091,0.892,0.0499,0.0611,M05_H18,0.874,1.4657,Safe
Onion,8.6,90.58,829.2,4.848,15.976,1.311,0.733,0.6184,0.664,M07_H11,0.325,3.774,High_Spoilage_Risk
Rice_Paddy,43.71,76.72,1548.9,4.895,7.007,-1.017,0.896,0.8371,0.8419,M03_H17,0.413,3.5009,Critical_Spoilage
Wheat,24.17,49.34,812.9,0.365,-0.497,-0.361,0.865,0.1329,0.1772,M03_H21,0.956,1.0335,Low_Spoilage_Risk
Jute_Seed,10.55,83.45,1158.8,0.642,4.62,0.522,0.805,0.6043,0.5885,M08_H05,0.923,2.8908,High_Spoilage_Risk
Lentil,26.61,71.0,838.7,1.475,7.11,-0.401,0.946,0.5139,0.578,M12_H07,0.823,4.3064,High_Spoilage_Risk
Potato,26.26,99,1079.2,0.324,7.511,-0.025,0.643,0.7762,0.835,M09_H11,0.728,2.6381,Critical_Spoilage
Rice_Paddy,11.46,76.31,682.8,1.976,7.067,-0.784,0.942,0.3759,0.3817,M10_H21,0.763,-0.4869,Moderate_Spoilage_Risk
Rice_Processed,42.73,63.74,704.6,2.537,7.606,-0.306,0.82,0.365,0.3879,M08_H14,0.696,-0.4778,Moderate_Spoilage_Risk
Onion,14.73,74.07,951.0,1.988,2.067,-0.65,0.953,0.2605,0.2725,M02_H05,0.761,0.5601,Low_Spoilage_Risk
Onion,11.05,86.9,577.8,0.538,3.901,2.26,0.819,0.4045,0.4076,M02_H19,0.904,2.449,Moderate_Spoilage_Risk
Rice_Processed,34.65,75.04,1032.0,4.305,1.142,0.256,0.888,0.6875,0.6654,M10_H07,0.483,0.4394,High_Spoilage_Risk
Lentil,21.29,70.88,606.9,2.844,2.593,0.263,0.847,0.4252,0.4032,M01_H14,0.659,-1.2266,Moderate_Spoilage_Risk
Lentil,9.9,70.78,558.2,3.507,18.759,0.668,0.988,0.4303,0.4381,M01_H12,0.579,1.3295,Moderate_Spoilage_Risk
Black_Gram,7.92,71.24,971.7,4.295,12.21,0.868,0.889,0.5468,0.5981,M01_H03,0.485,3.0951,High_Spoilage_Risk
Black_Gram,8.95,49.59,570.9,4.6,1.44,0.274,0.953,0.1829,0.2012,M12_H10,0.448,-4.0877,Low_Spoilage_Risk
Onion,9.6,58.15,475.0,4.566,1.513,-0.041,0.992,0.2066,0.2333,M03_H05,0.452,0.8224,Low_Spoilage_Risk
Jute_Seed,22.34,49.21,469.9,3.186,-6.726,0.505,0.9,0.1766,0.1813,M11_H20,0.618,-1.5603,Low_Spoilage_Risk
Black_Gram,24.25,44.47,681.1,0.35,-1.665,0.8,0.885,0.0993,0.0791,M06_H02,0.958,1.5748,Safe
Lentil,26.76,46.57,827.3,4.067,-6.88,0.564,0.903,0.3015,0.2948,M05_H20,0.512,-0.7201,Low_Spoilage_Risk
Sugarcane_Ratoon,29.74,80.1,438.9,1.07,-1.105,-0.045,0.891,0.0972,0.1039,M07_H14,0.872,3.8276,Safe
Chickpea,21.13,45.9,713.7,4.165,-12.471,-1.015,0.891,0.1878,0.2211,M12_H23,0.5,-1.2168,Low_Spoilage_Risk
Black_Gram,23.13,66.33,771.9,4.802,-2.95,0.137,0.954,0.3314,0.3273,M02_H12,0.424,-1.8216,Moderate_Spoilage_Risk
Rice_Processed,17.36,68.69,504.2,4.854,-17.453,0.563,0.936,0.1737,0.164,M09_H15,0.418,0.5107,Low_Spoilage_Risk
Chickpea,32.76,37.96,651.3,0.4,-7.793,0.347,0.95,0.3274,0.3715,M04_H23,0.952,3.9223,Moderate_Spoilage_Risk
Rice_Paddy,22.32,64.31,411.7,4.366,-3.149,-0.566,0.934,0.1512,0.1371,M06_H02,0.476,0.145,Safe
Onion,21.09,93.46,1449.3,2.164,28.973,0.791,0.521,0.8518,0.9049,M09_H13,0.599,5.2281,Critical_Spoilage
Mustard_Seed,13.85,68.59,958.6,0.217,-13.547,0.442,0.913,0.4587,0.4644,M05_H17,0.974,1.5341,Moderate_Spoilage_Risk
Groundnut,23.8,40.33,734.2,3.74,12.823,0.49,0.874,0.2629,0.2919,M11_H04,0.551,2.193,Low_Spoilage_Risk
Mustard_Seed,14.64,61.89,457.7,0.999,6.44,0.241,0.989,0.0989,0.1444,M07_H20,0.88,-4.2438,Safe
Mustard_Seed,8.34,55.92,412.6,4.878,-11.748,0.195,0.948,0.1517,0.1495,M05_H02,0.415,-0.887,Low_Spoilage_Risk
Lentil,24.69,37.04,730.6,2.494,-4.555,0.03,0.955,0.1932,0.1699,M11_H18,0.701,-0.8944,Low_Spoilage_Risk
Mustard_Seed,29.06,63.86,555.0,1.911,-5.639,-0.695,0.973,0.4256,0.4641,M08_H15,0.771,0.584,Moderate_Spoilage_Risk
Lentil,10.8,62.71,614.6,2.358,10.754,0.235,0.892,0.2,0.2355,M10_H13,0.717,-0.1461,Low_Spoilage_Risk
Maize,14.75,50.19,792.6,0.856,8.513,-0.357,0.853,0.1449,0.1607,M02_H03,0.897,4.7517,Low_Spoilage_Risk
Rice_Paddy,16.32,52.47,654.2,0.787,0.619,0.815,0.965,0.1041,0.0841,M01_H12,0.906,0.5581,Safe
Wheat,35.18,53.2,737.5,1.492,6.626,-0.297,0.971,0.3433,0.3728,M05_H19,0.821,0.6001,Moderate_Spoilage_Risk
Lentil,26.07,48.34,562.9,3.474,5.227,0.744,0.887,0.1939,0.2462,M10_H13,0.583,-0.2302,Low_Spoilage_Risk
Sugarcane_Ratoon,26.78,85.23,1079.8,4.427,9.063,-0.306,0.864,0.4584,0.5062,M09_H04,0.465,0.3155,Moderate_Spoilage_Risk
Lentil,8.38,72.92,760.2,3.46,10.179,-0.236,0.981,0.5388,0.5198,M03_H01,0.585,0.7752,High_Spoilage_Risk
Sugarcane_Ratoon,14.01,95.3,1349.3,4.37,11.709,0.472,0.721,0.7369,0.7979,M08_H07,0.304,3.4638,Critical_Spoilage
Black_Gram,35.37,71.5,1306.8,3.549,15.825,-0.38,0.893,0.8273,0.8841,M12_H16,0.574,0.0005,Critical_Spoilage
Garlic,20.07,61.44,873.1,2.528,2.24,0.741,0.825,0.3228,0.3428,M10_H17,0.697,2.3223,Moderate_Spoilage_Risk
Chickpea,36.91,36.05,598.9,2.686,1.976,-0.419,0.974,0.4055,0.4146,M04_H19,0.678,0.5917,Moderate_Spoilage_Risk
Maize,24.01,71.99,641.6,0.2,4.704,-0.1,0.877,0.1032,0.1041,M09_H10,0.976,0.2793,Safe
Jute_Seed,40.27,65.07,929.4,4.179,-0.871,-0.386,0.921,0.4835,0.4589,M02_H10,0.499,-0.2852,Moderate_Spoilage_Risk
Jute_Seed,13.46,65.3,678.8,1.686,16.075,-0.152,0.877,0.103,0.1201,M01_H17,0.798,-0.117,Safe
Maize,42.11,62.77,1428.5,1.755,11.844,0.433,0.921,0.5197,0.5917,M05_H11,0.789,2.9561,High_Spoilage_Risk
Black_Gram,9.62,49.12,559.6,4.067,-6.733,0.219,0.923,0.184,0.226,M01_H17,0.512,0.8349,Low_Spoilage_Risk
Sugarcane_Ratoon,14.56,63.83,936.6,3.077,-3.533,0.251,0.834,0.1903,0.1878,M10_H18,0.631,2.1345,Low_Spoilage_Risk
Rice_Paddy,39.01,71.43,1277.3,3.294,5.133,0.866,0.839,0.6492,0.6634,M08_H18,0.605,2.028,High_Spoilage_Risk
Jute_Seed,38.68,59.38,1227.8,3.083,-7.862,-0.2,0.872,0.5519,0.5976,M11_H20,0.63,0.1538,High_Spoilage_Risk
Rice_Paddy,26.07,59.4,413.0,1.275,2.589,-0.442,0.894,0.0586,0.0684,M10_H23,0.847,-0.3745,Safe
Chickpea,23.08,70.73,708.9,4.992,-5.768,1.949,0.89,0.4044,0.4049,M01_H00,0.401,4.6111,Moderate_Spoilage_Risk
Wheat,33.41,51.99,1110.5,3.578,4.951,0.338,0.969,0.5422,0.5672,M10_H12,0.571,2.5019,High_Spoilage_Risk
Black_Gram,11.65,72.95,559.7,4.836,16.046,1.306,0.862,0.4568,0.496,M04_H04,0.42,0.9124,Moderate_Spoilage_Risk
Chickpea,13.47,65.53,566.1,1.397,19.078,0.738,0.845,0.1514,0.1773,M06_H12,0.832,1.5176,Low_Spoilage_Risk
Onion,16.24,73.38,1237.6,1.592,-9.806,0.095,0.891,0.3131,0.284,M08_H08,0.809,-1.7703,Low_Spoilage_Risk
Chickpea,26.57,47.08,662.1,1.113,-12.757,1.288,0.908,0.0915,0.1087,M07_H12,0.866,1.8514,Safe
Sugarcane_Ratoon,11.45,71.42,723.4,4.25,-7.238,0.044,0.923,0.1731,0.211,M08_H00,0.49,-1.3746,Low_Spoilage_Risk
Lentil,13.56,66.97,587.7,0.968,11.792,0.646,0.834,0.246,0.2837,M06_H16,0.884,0.7671,Low_Spoilage_Risk
Groundnut,25.17,42.92,412.7,4.956,-14.041,-0.823,0.945,0.1831,0.1796,M03_H22,0.405,2.9301,Low_Spoilage_Risk
Black_Gram,37.3,59.58,660.7,0.784,5.636,1.643,0.914,0.3143,0.3308,M02_H16,0.906,-0.4424,Moderate_Spoilage_Risk
Rice_Processed,39.48,68.65,762.4,4.135,-2.606,-1.114,0.842,0.451,0.4545,M04_H01,0.504,1.2375,Moderate_Spoilage_Risk
Jute_Seed,24.42,76.55,550.4,0.775,18.279,1.598,0.888,0.3355,0.4048,M03_H17,0.907,0.418,Moderate_Spoilage_Risk
Wheat,21.78,54.57,719.3,4.08,2.178,0.244,0.96,0.1823,0.1981,M01_H16,0.51,-2.2864,Low_Spoilage_Risk
Jute_Seed,35.79,75.29,684.2,2.681,11.137,0.132,0.929,0.6037,0.5833,M02_H04,0.678,-1.7938,High_Spoilage_Risk
Potato,23.43,84.38,778.8,4.839,0.041,-0.95,0.948,0.4545,0.463,M12_H08,0.419,2.5243,Moderate_Spoilage_Risk
Rice_Processed,27.8,76.2,784.1,3.352,0.288,-0.079,0.93,0.4915,0.5447,M09_H16,0.598,2.7698,High_Spoilage_Risk
Wheat,16.62,67.95,878.7,2.366,6.409,-1.589,0.922,0.3202,0.3468,M01_H20,0.716,2.5731,Moderate_Spoilage_Risk
Garlic,-1.0,46.52,742.1,2.146,-1.754,0.591,0.827,0.2592,0.2373,M02_H09,0.742,2.698,Low_Spoilage_Risk
Potato,15.3,94.47,602.2,4.916,7.925,-0.133,0.522,0.2342,0.2615,M02_H14,0.252,2.7088,Low_Spoilage_Risk
Potato,16.58,91.92,712.8,3.852,10.149,0.729,0.745,0.3062,0.3462,M04_H18,0.422,2.0649,Moderate_Spoilage_Risk
Potato,23.18,86.21,1159.7,3.009,3.885,0.224,0.76,0.5151,0.5782,M09_H17,0.619,6.2317,High_Spoilage_Risk
Jute_Seed,23.88,63.2,809.8,0.703,3.508,0.745,0.945,0.1079,0.1547,M06_H12,0.916,-0.134,Safe
Sugarcane_Ratoon,25.78,55.9,833.0,3.883,-11.648,0.004,0.941,0.215,0.2357,M09_H15,0.534,1.4089,Low_Spoilage_Risk
Mustard_Seed,6.64,62.97,488.8,2.244,1.451,0.059,0.965,0.2416,0.2724,M12_H02,0.731,-0.7905,Low_Spoilage_Risk
Maize,36.5,57.16,960.3,3.735,-5.991,-0.027,0.957,0.5069,0.5008,M11_H15,0.552,1.6794,High_Spoilage_Risk
Potato,9.29,94.79,811.4,0.366,-8.741,0.437,0.519,0.0559,0.0799,M07_H12,0.793,-1.1212,Safe
Mustard_Seed,26.96,75.69,1169.2,2.706,12.625,0.988,0.836,0.7789,0.8116,M10_H10,0.675,-1.8613,Critical_Spoilage
Soybean,16.82,49.0,438.1,1.88,-17.499,0.123,0.918,0.1234,0.1216,M06_H05,0.774,2.0534,Safe
Black_Gram,41.82,67.73,1192.7,1.958,2.316,0.229,0.892,0.6348,0.6136,M12_H14,0.765,1.7159,High_Spoilage_Risk
Onion,7.98,74.77,529.6,4.591,-17.831,-0.773,0.938,0.1647,0.2128,M02_H18,0.449,3.5242,Low_Spoilage_Risk
Chickpea,41.39,77.38,1785.5,1.767,24.594,0.793,0.916,0.9141,0.989,M07_H07,0.788,2.7029,Critical_Spoilage
Groundnut,19.96,67.23,434.0,1.11,-10.609,0.952,0.988,0.1942,0.2025,M06_H20,0.867,-0.2967,Low_Spoilage_Risk
Groundnut,15.26,76.48,678.3,2.793,10.052,0.656,0.9,0.5561,0.5639,M07_H22,0.665,-1.4163,High_Spoilage_Risk
Onion,10.88,76.37,665.4,3.925,16.275,0.938,0.89,0.2299,0.2841,M12_H15,0.529,1.9832,Low_Spoilage_Risk
Black_Gram,41.37,80.25,860.5,4.6,24.555,0.287,0.721,0.8978,0.9047,M03_H17,0.448,1.0219,Critical_Spoilage
Mustard_Seed,23.2,65.17,532.8,4.361,-20.579,0.975,0.999,0.358,0.3557,M04_H05,0.477,0.1445,Moderate_Spoilage_Risk
Soybean,30.0,67.41,865.1,3.921,21.575,-1.314,0.977,0.5406,0.5474,M11_H20,0.529,1.3716,High_Spoilage_Risk
Groundnut,38.61,65.44,786.1,2.996,18.343,1.207,0.974,0.482,0.5215,M05_H10,0.64,5.5264,High_Spoilage_Risk
Onion,8.45,93.06,1377.0,0.684,-0.347,-0.002,0.591,0.6413,0.6716,M08_H16,0.784,4.0069,High_Spoilage_Risk
Soybean,37.88,70.15,1367.3,1.428,10.833,1.349,0.845,0.7439,0.784,M12_H10,0.829,3.6603,Critical_Spoilage
Jute_Seed,40.4,50.45,849.2,1.665,-3.52,0.567,0.88,0.4039,0.4294,M07_H23,0.8,-1.659,Moderate_Spoilage_Risk
Potato,1.44,79.51,650.7,2.277,-3.428,0.253,0.883,0.1896,0.1914,M11_H09,0.727,-1.7746,Low_Spoilage_Risk
Jute_Seed,19.19,71.96,1006.6,0.88,10.131,0.34,0.883,0.3419,0.3242,M01_H05,0.894,-1.3054,Moderate_Spoilage_Risk
Garlic,16.85,70.95,871.4,2.637,2.474,1.277,0.993,0.3079,0.2902,M09_H17,0.684,-5.3255,Low_Spoilage_Risk
Rice_Processed,23.92,75.56,806.1,3.227,14.458,0.949,0.936,0.4675,0.5249,M12_H13,0.613,-0.2713,High_Spoilage_Risk
Rice_Paddy,21.44,76.51,869.4,4.274,0.447,1.167,0.888,0.4686,0.4965,M03_H02,0.487,-2.5191,Moderate_Spoilage_Risk
Black_Gram,41.2,44.18,1131.2,3.804,18.497,0.075,0.839,0.5704,0.6363,M10_H07,0.544,4.9628,High_Spoilage_Risk
Sugarcane_Ratoon,31.27,79.69,952.4,0.862,6.635,-1.108,0.944,0.1915,0.1909,M02_H15,0.897,2.0981,Low_Spoilage_Risk
Wheat,7.61,39.15,435.6,0.641,-11.441,0.243,0.878,0.0756,0.1232,M11_H23,0.923,-0.7127,Safe
Sugarcane_Ratoon,41.66,83.32,811.2,0.109,29.757,-0.479,0.868,0.4598,0.4713,M08_H05,0.987,0.1457,Moderate_Spoilage_Risk
Mustard_Seed,11.46,62.92,826.1,3.765,2.67,-0.979,0.823,0.3456,0.3895,M05_H04,0.548,1.821,Moderate_Spoilage_Risk
Wheat,15.75,66.05,859.9,4.177,3.991,0.557,0.986,0.2809,0.3026,M06_H00,0.499,3.6621,Low_Spoilage_Risk
Lentil,6.56,58.54,399.7,2.236,-12.022,0.95,0.939,0.124,0.172,M02_H07,0.732,-3.1998,Low_Spoilage_Risk
Jute_Seed,32.99,38.29,575.2,4.781,-2.477,-0.716,0.828,0.2758,0.3091,M01_H18,0.426,-2.6427,Low_Spoilage_Risk
Soybean,39.73,54.93,849.3,2.279,13.107,-0.055,0.83,0.4249,0.4627,M08_H17,0.727,0.8071,Moderate_Spoilage_Risk
Maize,40.41,58.22,669.9,1.297,11.078,0.689,0.976,0.3044,0.3159,M11_H10,0.844,4.416,Moderate_Spoilage_Risk
Wheat,8.42,45.38,843.5,2.081,-7.702,0.465,0.886,0.2232,0.201,M07_H22,0.75,1.1993,Low_Spoilage_Risk
Jute_Seed,16.4,56.97,650.2,4.298,-7.183,-0.012,0.941,0.1754,0.2169,M12_H12,0.484,0.4911,Low_Spoilage_Risk
Rice_Processed,30.17,52.77,431.9,3.898,0.569,-0.685,0.949,0.1572,0.2076,M08_H18,0.532,0.2796,Low_Spoilage_Risk
Potato,7.94,97.72,801.6,4.942,-14.598,-0.149,0.71,0.5727,0.63,M09_H21,0.195,2.8198,High_Spoilage_Risk
Jute_Seed,17.13,57.99,602.2,4.731,8.997,0.713,0.881,0.1583,0.1509,M07_H13,0.432,1.6186,Low_Spoilage_Risk
Sugarcane_Ratoon,22.54,69.84,826.7,4.091,1.656,1.167,0.991,0.1875,0.2373,M03_H06,0.509,-2.4255,Low_Spoilage_Risk
Groundnut,6.9,64.43,821.4,0.776,-8.059,-1.395,0.999,0.1657,0.2052,M04_H02,0.907,-2.2623,Low_Spoilage_Risk
Mustard_Seed,32.66,64.44,892.6,0.924,12.994,-2.204,0.846,0.5406,0.6018,M10_H19,0.889,4.4945,High_Spoilage_Risk
Chickpea,32.76,78.91,1061.0,0.765,15.02,0.004,0.985,0.7938,0.8626,M07_H17,0.908,3.7223,Critical_Spoilage
Lentil,27.57,55.19,838.6,2.946,-4.583,-1.168,0.996,0.3285,0.355,M08_H14,0.646,-2.6619,Moderate_Spoilage_Risk
Sugarcane_Ratoon,23.69,99,1251.8,1.923,10.927,1.071,0.712,0.6191,0.6208,M06_H16,0.536,0.8565,High_Spoilage_Risk
Rice_Paddy,22.02,54.91,574.8,2.307,-17.217,-0.461,0.843,0.1161,0.116,M01_H12,0.723,-1.9648,Safe
Chickpea,29.13,81.77,804.9,4.676,16.56,-0.088,0.719,0.7215,0.7667,M09_H12,0.439,2.8423,Critical_Spoilage
Wheat,32.44,75.89,975.6,3.315,-1.426,-0.105,0.83,0.9127,0.918,M05_H07,0.602,7.0933,Critical_Spoilage
Chickpea,39.97,63.34,1114.8,0.346,21.505,-0.727,0.869,0.4432,0.4722,M03_H20,0.958,3.9603,Moderate_Spoilage_Risk
Wheat,28.63,79.79,1349.7,1.869,21.107,1.75,0.871,0.8503,0.9257,M09_H12,0.776,0.6438,Critical_Spoilage
Lentil,19.47,52.41,589.0,3.953,-5.812,1.181,0.854,0.1509,0.2029,M08_H00,0.526,3.549,Low_Spoilage_Risk
Chickpea,36.86,74.54,1425.0,3.375,3.519,-0.286,0.821,0.8971,0.8916,M06_H18,0.595,1.6078,Critical_Spoilage
Chickpea,28.97,75.94,1133.5,3.681,-2.365,-0.226,0.91,0.7281,0.7873,M05_H16,0.558,3.5325,Critical_Spoilage
Jute_Seed,27.09,51.72,461.3,0.758,-2.804,-0.942,0.84,0.033,0.0206,M07_H16,0.909,0.2007,Safe
Wheat,31.16,77.34,778.8,4.146,8.531,-0.562,0.874,0.8733,0.9083,M07_H18,0.502,4.305,Critical_Spoilage
Rice_Paddy,31.39,57.87,808.5,2.606,-1.086,-0.788,0.866,0.3046,0.2813,M05_H01,0.687,2.1836,Low_Spoilage_Risk
Maize,23.94,83.88,815.8,4.599,9.438,-0.05,0.765,0.6274,0.6598,M06_H18,0.448,6.3926,High_Spoilage_Risk
Maize,19.08,69.8,453.4,3.792,-8.959,-0.508,0.964,0.1465,0.1513,M02_H08,0.545,0.6798,Safe
Jute_Seed,36.12,69.23,617.7,1.902,18.298,-1.441,0.831,0.4022,0.4553,M02_H03,0.772,1.1363,Moderate_Spoilage_Risk
Lentil,24.44,39.58,612.2,4.717,-3.784,-1.212,0.879,0.2259,0.2274,M02_H16,0.434,0.5443,Low_Spoilage_Risk
Jute_Seed,31.65,71.33,720.5,3.246,-0.044,-1.247,0.966,0.3893,0.3686,M10_H02,0.61,-0.6404,Moderate_Spoilage_Risk
Chickpea,14.29,46.8,387.3,0.318,-2.36,-0.925,0.904,0.0129,0.0554,M06_H12,0.962,1.1354,Safe
Lentil,40.28,56.75,914.9,3.36,20.311,0.659,0.864,0.482,0.5237,M07_H13,0.597,3.8613,High_Spoilage_Risk
Potato,20.52,95.24,1008.3,3.015,1.738,0.395,0.72,0.5247,0.5855,M02_H06,0.468,3.6192,High_Spoilage_Risk
Rice_Paddy,32.34,73.18,523.9,3.071,-13.597,0.142,0.929,0.3864,0.4086,M11_H12,0.631,0.0891,Moderate_Spoilage_Risk
Soybean,14.57,65.98,806.3,3.768,9.044,-0.028,0.882,0.26,0.3097,M10_H09,0.548,-2.2841,Low_Spoilage_Risk
Garlic,10.9,86.74,995.4,0.841,7.857,1.238,0.8,0.5468,0.6011,M06_H07,0.87,-0.4541,High_Spoilage_Risk
Chickpea,13.22,39.0,728.2,0.649,4.488,0.777,0.888,0.1085,0.1412,M03_H06,0.922,1.3312,Safe
Black_Gram,25.27,71.83,944.7,4.804,2.455,0.808,0.996,0.5072,0.5575,M07_H06,0.424,0.8377,High_Spoilage_Risk
Maize,27.58,75.2,656.1,2.444,7.978,0.115,0.944,0.369,0.4109,M12_H20,0.707,-0.9503,Moderate_Spoilage_Risk
Mustard_Seed,24.56,47.61,765.3,4.011,-3.044,-0.918,0.914,0.2015,0.1871,M09_H18,0.519,-1.8291,Low_Spoilage_Risk
Wheat,34.22,73.97,1448.8,4.751,21.935,0.411,0.891,0.9699,1.0,M01_H20,0.43,3.934,Critical_Spoilage
Mustard_Seed,19.74,45.56,706.1,4.206,2.929,0.64,0.883,0.1883,0.2056,M08_H01,0.495,0.0324,Low_Spoilage_Risk
Onion,13.82,65.2,961.0,4.8,-10.866,0.828,0.836,0.3073,0.332,M11_H10,0.424,3.4731,Moderate_Spoilage_Risk
Lentil,4.72,69.43,768.8,0.998,-4.889,2.01,0.988,0.3908,0.4062,M11_H22,0.88,0.8196,Moderate_Spoilage_Risk
Onion,10.09,67.96,493.7,0.363,-5.373,-1.625,0.991,0.0021,0.0,M08_H09,0.956,0.0737,Safe
Rice_Paddy,26.91,65.14,538.2,3.801,-14.637,-1.375,0.981,0.1471,0.1935,M02_H14,0.544,1.2971,Low_Spoilage_Risk
Jute_Seed,33.82,61.28,1013.3,1.732,23.539,0.259,0.952,0.3189,0.3617,M08_H20,0.792,-0.7047,Moderate_Spoilage_Risk
Onion,24.06,68.2,850.9,1.437,0.611,0.451,0.98,0.3512,0.3796,M05_H19,0.828,2.1622,Moderate_Spoilage_Risk
Rice_Processed,32.01,55.57,831.8,1.215,7.927,0.734,0.914,0.1905,0.2274,M12_H21,0.854,1.0079,Low_Spoilage_Risk
Onion,22.16,90.09,1097.4,2.951,15.665,2.663,0.804,0.8628,0.9133,M06_H21,0.561,0.7471,Critical_Spoilage
Wheat,12.01,65.27,390.1,1.653,-7.095,0.651,0.874,0.0945,0.0969,M06_H18,0.802,-1.1273,Safe
Jute_Seed,9.28,64.69,772.8,2.871,-8.831,-1.489,0.912,0.217,0.2489,M02_H01,0.655,1.9161,Low_Spoilage_Risk
Groundnut,14.16,75.29,788.6,0.419,19.941,-0.907,0.821,0.5081,0.5385,M07_H11,0.95,6.2097,High_Spoilage_Risk
Rice_Processed,16.79,67.5,834.3,3.472,-8.805,0.071,0.84,0.2029,0.215,M09_H06,0.583,0.8608,Low_Spoilage_Risk
Black_Gram,25.63,72.1,530.4,0.713,4.07,-0.843,0.992,0.2861,0.3016,M01_H05,0.914,2.5262,Low_Spoilage_Risk
Potato,7.91,93.54,840.9,0.314,-4.108,-1.261,0.802,0.0525,0.0992,M08_H03,0.82,3.6817,Safe
Potato,23.42,85.09,1220.3,3.681,-1.419,0.027,0.933,0.5365,0.5673,M08_H07,0.557,0.774,High_Spoilage_Risk
Black_Gram,37.64,71.43,777.2,4.685,36.635,0.186,0.821,0.6976,0.7387,M05_H02,0.438,-1.4052,Critical_Spoilage
Rice_Paddy,29.38,77.37,994.9,2.728,11.599,0.114,0.931,0.5725,0.5994,M02_H12,0.673,-2.6411,High_Spoilage_Risk
Rice_Paddy,12.36,85.51,790.1,4.947,-0.361,0.266,0.817,0.6199,0.6144,M05_H01,0.398,5.1668,High_Spoilage_Risk
Black_Gram,9.37,57.99,424.4,1.604,10.77,-0.786,0.913,0.0727,0.1108,M12_H06,0.808,0.5714,Safe
Onion,13.13,58.08,507.3,2.413,3.908,-0.986,0.826,0.1732,0.2116,M10_H01,0.71,1.8867,Low_Spoilage_Risk
Jute_Seed,24.38,47.82,662.1,0.945,-3.417,-1.383,0.836,0.1029,0.1473,M12_H12,0.887,2.9765,Safe
Onion,22.86,72.96,987.8,2.949,9.04,0.136,0.889,0.4379,0.4603,M08_H07,0.646,0.8274,Moderate_Spoilage_Risk
Mustard_Seed,18.92,61.38,558.8,3.949,3.885,1.024,0.889,0.2215,0.2059,M08_H16,0.526,-0.1595,Low_Spoilage_Risk
Jute_Seed,21.33,75.58,806.2,4.572,18.398,0.578,0.983,0.5217,0.5561,M11_H22,0.451,1.9933,High_Spoilage_Risk
Chickpea,18.4,66.0,457.2,4.708,4.572,2.057,0.881,0.2361,0.2447,M10_H02,0.435,0.5689,Low_Spoilage_Risk
Jute_Seed,30.89,57.72,597.9,1.021,17.924,-0.174,0.885,0.0603,0.1073,M12_H07,0.877,0.2591,Safe
Potato,8.29,99,1068.0,1.072,3.576,1.191,0.771,0.5403,0.5706,M04_H12,0.638,-0.2865,High_Spoilage_Risk
Jute_Seed,19.78,69.15,843.4,3.061,-6.152,1.174,0.863,0.3068,0.3087,M07_H19,0.633,-0.5458,Moderate_Spoilage_Risk
Wheat,10.38,68.27,809.8,2.789,-6.273,-1.677,0.945,0.3312,0.3313,M08_H00,0.665,-4.0306,Moderate_Spoilage_Risk
Mustard_Seed,23.35,61.57,780.6,2.302,2.62,-0.178,0.88,0.216,0.2014,M09_H17,0.724,-0.4326,Low_Spoilage_Risk
Maize,26.15,48.46,419.3,3.522,-11.828,0.623,1.0,0.196,0.1871,M10_H16,0.577,-2.8116,Low_Spoilage_Risk
Sugarcane_Ratoon,27.45,63.36,401.7,3.656,2.482,0.095,0.866,0.1513,0.1789,M03_H04,0.561,2.184,Low_Spoilage_Risk
Onion,2.56,85.06,1038.4,3.505,-7.141,-0.762,0.914,0.571,0.5586,M11_H16,0.578,-0.4506,High_Spoilage_Risk
Rice_Processed,38.66,65.11,864.0,4.889,5.936,-0.023,0.966,0.4831,0.5302,M02_H16,0.413,1.7933,High_Spoilage_Risk
Jute_Seed,46.39,46.38,673.7,3.336,14.635,-0.285,0.87,0.4573,0.4823,M05_H11,0.6,3.6614,Moderate_Spoilage_Risk
Black_Gram,24.56,56.17,707.3,4.603,-5.381,-0.821,0.85,0.1925,0.2325,M01_H07,0.448,0.9325,Low_Spoilage_Risk
Potato,16.25,80.47,1075.3,0.446,-0.757,-0.773,0.765,0.3046,0.2875,M09_H20,0.946,-0.0161,Low_Spoilage_Risk
Sugarcane_Ratoon,23.57,80.55,776.3,2.357,3.833,0.544,0.754,0.2146,0.1914,M10_H17,0.717,0.8612,Low_Spoilage_Risk
Sugarcane_Ratoon,12.7,77.74,631.5,1.245,7.569,0.46,0.991,0.0548,0.0908,M02_H00,0.851,2.2233,Safe
Jute_Seed,37.96,56.05,621.7,2.605,5.006,1.365,0.865,0.3818,0.3944,M07_H15,0.687,5.2849,Moderate_Spoilage_Risk
Garlic,23.39,80.64,1433.1,4.256,24.701,-0.592,0.729,0.8906,0.9032,M09_H15,0.489,1.8622,Critical_Spoilage
Garlic,0.95,48.37,766.5,4.969,-6.299,0.034,0.824,0.2676,0.2384,M12_H00,0.404,-3.871,Low_Spoilage_Risk
Garlic,14.15,56.92,830.0,3.56,-9.032,-0.958,0.932,0.304,0.3043,M10_H17,0.573,1.7309,Moderate_Spoilage_Risk
Maize,31.53,77.72,1215.5,2.491,-3.326,0.039,0.896,0.8091,0.7844,M08_H12,0.701,-1.0144,Critical_Spoilage
Rice_Processed,33.71,69.73,888.7,2.498,-3.587,-0.238,0.934,0.3744,0.3518,M12_H04,0.7,-1.215,Moderate_Spoilage_Risk
Sugarcane_Ratoon,11.24,71.91,893.1,0.556,13.972,-0.337,0.986,0.1237,0.1641,M10_H04,0.933,-4.8018,Safe
Soybean,29.79,68.64,555.0,0.571,-3.287,0.887,0.91,0.3444,0.3918,M11_H07,0.931,-1.2987,Moderate_Spoilage_Risk
Garlic,12.38,74.92,1067.0,2.396,5.652,-0.219,0.899,0.4029,0.403,M09_H19,0.712,1.1745,Moderate_Spoilage_Risk
Chickpea,31.23,56.43,807.8,3.368,-1.147,0.629,0.956,0.3926,0.4376,M03_H22,0.596,4.6433,Moderate_Spoilage_Risk
Maize,29.44,76.27,939.3,0.82,-5.322,0.862,0.931,0.5136,0.5263,M12_H23,0.902,3.0814,High_Spoilage_Risk
Black_Gram,10.26,74.46,1148.8,0.964,15.045,-0.352,0.917,0.531,0.5267,M08_H20,0.884,1.2527,High_Spoilage_Risk
Potato,11.52,95.11,887.8,0.996,-21.586,-0.473,0.584,0.1036,0.1072,M12_H08,0.712,-2.9354,Safe
Mustard_Seed,16.73,53.88,521.6,4.141,-8.676,0.938,0.833,0.1672,0.2207,M07_H11,0.503,2.4947,Low_Spoilage_Risk
Rice_Paddy,34.51,84.31,1488.9,4.439,15.241,-0.076,0.816,0.9848,1.0,M07_H15,0.467,3.3281,Critical_Spoilage
Soybean,33.14,64.04,1031.9,0.141,-10.245,-0.712,0.857,0.3857,0.396,M02_H01,0.983,-0.442,Moderate_Spoilage_Risk
Garlic,23.37,81.37,1059.2,0.439,17.638,1.423,0.717,0.7052,0.7461,M09_H19,0.947,1.0775,Critical_Spoilage
Maize,18.42,55.31,574.8,0.94,2.573,-1.413,0.932,0.0349,0.0641,M11_H03,0.887,-0.6033,Safe
Garlic,17.21,47.95,843.2,0.267,13.127,-0.498,0.907,0.2236,0.2587,M12_H15,0.968,1.3282,Low_Spoilage_Risk
Garlic,14.4,66.68,992.9,3.157,0.389,-0.062,0.841,0.2884,0.3252,M03_H23,0.621,0.7123,Moderate_Spoilage_Risk
Maize,21.39,59.34,861.0,1.646,8.668,1.358,0.847,0.1667,0.1971,M05_H08,0.802,-0.116,Low_Spoilage_Risk
Wheat,13.59,50.84,540.7,0.778,-4.319,-0.709,0.862,0.0436,0.0268,M09_H16,0.907,1.9589,Safe
Garlic,-1.21,64.73,656.5,0.843,-8.866,-0.477,0.881,0.1672,0.1752,M11_H08,0.899,2.4644,Low_Spoilage_Risk
Groundnut,12.5,58.53,775.1,3.993,-10.244,-1.343,0.903,0.2253,0.2018,M08_H00,0.521,-0.5416,Low_Spoilage_Risk
Maize,38.64,53.75,1008.1,3.977,15.335,0.832,0.98,0.5683,0.6401,M01_H16,0.523,5.595,High_Spoilage_Risk
Garlic,15.24,56.05,947.4,3.134,-0.706,-0.529,0.828,0.3427,0.3505,M12_H23,0.624,-1.5655,Moderate_Spoilage_Risk
Maize,21.11,46.12,553.5,3.991,-1.175,1.297,0.932,0.2006,0.2206,M05_H07,0.521,-1.2011,Low_Spoilage_Risk
Rice_Paddy,14.9,49.99,661.9,2.806,17.787,1.379,0.841,0.1872,0.2179,M02_H00,0.663,1.9003,Low_Spoilage_Risk
Potato,6.77,89.45,459.8,3.954,-1.285,-0.541,0.776,0.1479,0.1312,M10_H09,0.451,1.4184,Safe
Black_Gram,31.53,73.37,1010.5,1.959,18.057,1.175,0.971,0.7027,0.7294,M08_H13,0.765,-1.5834,Critical_Spoilage
Garlic,12.75,61.38,639.1,4.76,-8.005,1.052,0.896,0.2137,0.2532,M12_H06,0.429,-1.6922,Low_Spoilage_Risk
Potato,15.44,85.77,1039.5,2.858,-3.441,-1.193,0.779,0.3304,0.357,M12_H20,0.644,-0.4043,Moderate_Spoilage_Risk
Groundnut,27.3,55.36,899.2,4.664,2.975,-0.725,0.829,0.3796,0.3689,M04_H18,0.44,-0.4094,Moderate_Spoilage_Risk
Maize,33.81,48.55,1041.9,2.368,4.877,0.347,0.828,0.5333,0.5664,M10_H08,0.716,-2.8411,High_Spoilage_Risk
Garlic,10.28,80.28,1046.1,0.912,10.152,-0.46,0.932,0.4539,0.5049,M07_H00,0.891,2.1683,Moderate_Spoilage_Risk
Black_Gram,23.2,69.75,852.9,0.72,-11.161,-0.203,0.824,0.3162,0.3566,M08_H06,0.914,2.4441,Moderate_Spoilage_Risk
Maize,28.01,67.16,767.3,2.413,-12.022,-1.35,0.847,0.1875,0.1757,M05_H11,0.71,-0.134,Low_Spoilage_Risk
Sugarcane_Ratoon,18.28,88.03,694.6,2.821,7.645,0.328,0.798,0.4134,0.4181,M09_H09,0.611,3.5101,Moderate_Spoilage_Risk
Chickpea,29.75,67.84,557.8,0.755,6.276,-0.161,0.936,0.3307,0.3541,M02_H16,0.909,-2.2699,Moderate_Spoilage_Risk
Garlic,6.63,47.85,749.8,2.209,11.01,1.55,0.909,0.1591,0.162,M02_H18,0.735,-2.1365,Low_Spoilage_Risk
Wheat,22.36,53.54,703.2,0.948,-9.349,-1.148,0.841,0.0847,0.0807,M12_H18,0.886,-0.9027,Safe
Rice_Processed,33.99,55.7,546.1,2.87,-1.755,0.161,0.826,0.2285,0.2225,M11_H15,0.656,-0.8215,Low_Spoilage_Risk
Mustard_Seed,20.97,60.82,528.9,3.573,0.395,-1.549,0.999,0.1611,0.1397,M04_H17,0.571,-0.2762,Safe
Onion,8.69,74.95,648.2,2.929,-8.728,-0.114,0.849,0.1253,0.1471,M10_H00,0.649,2.8523,Safe
Wheat,16.37,59.05,526.9,3.519,3.841,0.982,0.956,0.1438,0.1397,M11_H12,0.578,5.3223,Safe
Garlic,-1.8,59.05,453.8,1.08,-0.659,1.26,0.922,0.191,0.1903,M04_H20,0.87,-1.184,Low_Spoilage_Risk
Soybean,24.52,40.77,778.7,1.505,-1.083,0.575,0.957,0.1749,0.202,M03_H02,0.819,-0.0142,Low_Spoilage_Risk
Black_Gram,40.96,35.48,1067.1,3.107,-3.882,-1.105,0.859,0.5316,0.559,M03_H16,0.627,0.6575,High_Spoilage_Risk
Chickpea,32.65,33.14,811.4,2.257,6.414,0.611,0.957,0.4586,0.4928,M03_H14,0.729,-0.592,Moderate_Spoilage_Risk
Black_Gram,11.62,75.23,959.7,0.775,6.131,-0.015,0.86,0.4822,0.5239,M01_H07,0.907,1.3478,High_Spoilage_Risk
Mustard_Seed,15.46,47.39,768.4,1.514,17.844,-1.186,0.94,0.1058,0.1034,M02_H11,0.818,0.0991,Safe
Potato,23.43,88.7,1305.3,4.63,21.558,0.848,0.717,0.6005,0.6666,M01_H08,0.383,-1.0304,High_Spoilage_Risk
Jute_Seed,45.01,57.88,805.0,3.934,7.883,0.181,0.915,0.4715,0.4916,M04_H09,0.528,1.2244,Moderate_Spoilage_Risk
Soybean,34.37,55.94,949.4,2.412,13.236,1.16,0.935,0.4661,0.4707,M01_H17,0.711,-1.2749,Moderate_Spoilage_Risk
Groundnut,20.9,53.1,464.3,3.087,2.524,0.458,0.933,0.1112,0.0935,M04_H08,0.63,-2.8004,Safe
Groundnut,19.0,48.86,788.8,0.206,0.088,-0.364,0.983,0.1285,0.1487,M10_H04,0.975,0.1466,Safe
Onion,17.18,83.15,797.2,3.686,5.756,0.295,0.805,0.5688,0.5835,M06_H07,0.558,2.0149,High_Spoilage_Risk
Chickpea,39.37,65.75,1318.5,0.423,-7.328,0.067,0.965,0.5265,0.5502,M10_H06,0.949,-0.8905,High_Spoilage_Risk
Rice_Paddy,24.07,47.58,651.5,2.873,-15.096,0.129,0.834,0.1873,0.2078,M01_H10,0.655,-1.1775,Low_Spoilage_Risk
Maize,34.98,72.69,852.9,0.43,8.328,0.754,0.838,0.4668,0.5287,M07_H06,0.948,-3.3131,High_Spoilage_Risk
Potato,-0.89,82.57,556.1,1.926,8.579,0.192,0.929,0.2064,0.2271,M09_H21,0.769,-1.58,Low_Spoilage_Risk
Wheat,13.17,45.39,772.7,0.572,-3.211,-0.62,0.966,0.119,0.1219,M01_H12,0.931,-1.6317,Safe
Chickpea,10.71,63.56,607.7,3.5,-10.603,-0.145,0.886,0.211,0.2376,M04_H20,0.58,-0.2285,Low_Spoilage_Risk
Maize,31.12,68.35,752.6,1.784,-3.123,0.311,0.948,0.2762,0.308,M04_H16,0.786,2.0259,Low_Spoilage_Risk
Chickpea,12.64,53.8,557.4,3.173,-0.642,-0.876,0.985,0.1373,0.1357,M09_H09,0.619,3.3186,Safe
Sugarcane_Ratoon,37.08,52.64,1252.9,4.622,-0.018,-0.191,0.838,0.5492,0.5579,M04_H13,0.445,0.4385,High_Spoilage_Risk
Rice_Processed,26.31,77.78,690.4,1.308,9.992,0.608,0.848,0.4656,0.4739,M07_H13,0.843,-1.574,Moderate_Spoilage_Risk
Onion,1.92,57.94,563.6,1.677,6.366,-0.951,0.934,0.1028,0.1331,M04_H06,0.799,0.856,Safe
Lentil,30.58,36.25,533.9,4.207,0.304,-0.285,0.863,0.4485,0.4906,M10_H12,0.495,5.0611,Moderate_Spoilage_Risk
Soybean,31.92,51.17,604.5,4.138,3.06,0.428,0.886,0.4208,0.4456,M04_H09,0.503,-0.4611,Moderate_Spoilage_Risk
Garlic,6.67,56.9,426.5,0.958,0.207,-0.029,0.832,0.0788,0.103,M05_H21,0.885,1.6963,Safe
Onion,6.55,80.05,978.6,4.392,-1.482,0.602,0.741,0.3892,0.4064,M05_H09,0.473,3.5166,Moderate_Spoilage_Risk
Chickpea,32.31,68.03,874.9,1.266,-3.137,0.672,0.873,0.5187,0.5701,M11_H16,0.848,-1.5429,High_Spoilage_Risk
Groundnut,25.63,64.42,653.8,1.509,-1.91,1.329,0.941,0.1077,0.1356,M05_H16,0.819,2.6397,Safe
Maize,30.97,50.78,1081.5,1.929,-1.759,1.39,0.917,0.4457,0.4987,M05_H18,0.769,0.2075,Moderate_Spoilage_Risk
Soybean,36.44,70.24,1150.1,4.506,20.395,0.975,0.923,0.805,0.8553,M04_H19,0.459,2.1923,Critical_Spoilage
Rice_Paddy,21.36,50.05,766.3,3.068,-11.72,0.509,0.94,0.208,0.1978,M05_H11,0.632,-2.4422,Low_Spoilage_Risk
Sugarcane_Ratoon,38.19,82.59,918.4,2.908,20.095,0.535,0.905,0.5734,0.614,M09_H04,0.651,5.7575,High_Spoilage_Risk
Onion,7.07,74.21,681.4,4.61,-9.562,0.682,0.933,0.1524,0.1996,M10_H05,0.447,2.4793,Low_Spoilage_Risk
Rice_Paddy,12.16,53.23,626.6,3.65,-9.083,0.965,0.871,0.198,0.1835,M02_H23,0.562,-0.3572,Low_Spoilage_Risk
Soybean,21.56,57.89,799.8,1.191,-5.219,1.47,0.997,0.1163,0.1041,M01_H11,0.857,-0.1453,Safe
Rice_Paddy,32.16,51.77,713.1,2.376,-1.232,0.376,0.998,0.3159,0.3256,M04_H21,0.715,1.6854,Moderate_Spoilage_Risk
Onion,-0.44,73.44,646.0,1.634,-10.685,0.87,0.845,0.1836,0.2012,M06_H06,0.804,0.8596,Low_Spoilage_Risk
Chickpea,16.61,66.92,720.8,3.938,14.061,-1.295,0.973,0.3318,0.3965,M09_H18,0.527,3.6219,Moderate_Spoilage_Risk
Chickpea,32.74,67.71,1055.2,2.669,-2.149,0.301,0.872,0.6121,0.6046,M05_H00,0.68,2.2634,High_Spoilage_Risk
Potato,3.44,79.1,643.8,0.876,-6.026,1.112,0.937,0.0729,0.102,M03_H01,0.895,0.2612,Safe
Soybean,37.0,52.03,782.7,3.517,10.649,0.598,0.91,0.4482,0.4785,M06_H07,0.578,-0.0419,Moderate_Spoilage_Risk
